frame,time_s,lit_pixels,display_sha256
0,10.531864278920693,77,70cd7f01f1ccd725790022b87c48cf39a94efa95b19107c724fbfcaa4e6a5685
1,10.594364278920693,109,3892ef6e4ef0c667abb7ae6a26c40790f779269f9327b07d5f432060bf79cb07
2,10.656864278906141,98,57eb4aaaaca2e0f5040ea418690d67456aab01b65e8293fcf5e3f125f9fbb7ac
3,10.719364278913417,273,e3eb2a1810fec9aaf6b8f9f1635ce7278340bf5fe2e5181de782b6e09429b8e8
4,10.781864278913417,339,40f56f99bb3e394c7e527d108d158363a045b8b205ca18bb7fcb124c2ebc85de
5,10.844364278942521,407,39c21e25e7be5c0b4bf92335352c3aaaee0fbb62d31e2c495283c87e4394189c
6,10.906864278913417,404,2cffb5f84b6d999cff011774631613bc3f0daf00978c1dd58e6202ae47fd9c4f
7,10.969364278913417,356,a63c339dcfdbefbff95fef600504cfccf4b43b787453b1000ae789e79b94c71a
8,11.031864278913417,26,00c81ed2aa8e12a2302ed021758e0e5eb8aa3007dc2b9b8c54628a472ba11cb4
9,11.094364278913417,16,4a5d49a88f138fa273971031372b9bbdc44081941cc6ce8c4d8bc522631486e0
10,11.156864278913417,14,36c2ceb55a67787eb6a20eda8a58d6f765f0b6264320c7d800ce441061c711fb
11,11.219364278913417,13,ff562691400b7df83ecb6a5ecfa61f9716f55f03e70d34cf3ced7fd3ac4f5904
12,11.281864278913417,20,3778b7daa2e7aa8897c4964589ac011698e4c8e2ed182e9a4191b9ba723b4591
13,11.344364278913417,20,e461f4dd4bda731d7530fd2b8b3150fe11e8767f02cccbf7d832189457abb5ac
14,11.406864278971625,21,c1f804294df75a2b60f1adcdf6e0ee53f33be3c5ed8eaeba1cce04b5fb0b9587
15,11.469364278913417,24,73e4e12d87a77acf882dfa73b9f6e012dfdbcfc77462a956df0c8b9ec36989c6
16,11.531864278913417,25,c7aba57d1946379e1b5ebf5fc71142eedd8bfb0598a89d6ba073075110e38ec6
17,11.594364278913417,30,dcc2c61c41d9738e9d02ccef45da3cec51950bc980c4b6ec33e0b0a3f5761751
18,11.656864278913417,37,85b8c176f5bbcbfba46e2932aa0a9258f2992f9a00a94dc480b4b5979f6a3542
19,11.719364278913417,29,451d52d0424c114f4f158d991397d208e45153caf88c95f141928bf6790ec4ce
20,11.781864278902503,35,86574e6387cef5967431b419b92fb984fdc447e92dbc3f15130cdde5d6715fb4
21,11.844364278924331,44,e5a4a6a907b229790edaf3efe2dc85928a85bc02a635724edfdd1c552a9e2484
22,11.906864278924331,49,1aa09b1d684aad3b7bbe6562497a683d99a777d7aa5693f9ab716a10b36d2d81
23,11.969364278924331,34,2a48596a27f13de72d9b1c07089500e476a7dd41b7c07605390ecc1c0add1f9a
24,12.031864278924331,40,ee3a6682fe7d2249e4d90d1d13f7efadc666e42199a884b3c19cd00da2023aa0
25,12.094364278982539,37,aa7f0bff220e6e2fdfa2fcfc401a197d291116483d431cc2b40047734a1c1929
26,12.156864278982539,34,b8b40d33ea7395f9bcd01789329ad665c4c884490e37becf7de21c197e291a08
27,12.219364278902503,35,511a612155a3b64bfa37adb82263528aa4b2a4d288adaca2750e5677c8243a55
28,12.281864279004367,38,e18eab390e5f8f49afae59a3af1cccc6eba77069ce44a9aed12120f37080e306
29,12.344364279004367,37,09b2703c605cba6c031631eeee0ae30b82099d712d83fa416980a606c69dab0b
30,12.406864278917055,38,f9a182a3340e16a7e7de5c2a867e6dfe3cf50614ab2f3e2591f0df2ba2370b98
31,12.469364278917055,44,31a4943786069d6c66ddacd21dc441429ba49f750612d57af6204d17840b9039
32,12.531864278917055,33,247535f928067a759d26a4b597964a42ca9adda6403f73c42d450a2d08a573ba
33,12.594364278946159,41,d1304bb489670f3b6e0885c86af27103faf7375a1f64b3ba674b99ab081ef9b8
34,12.656864278946159,45,e70b4931faeec5b174d0630e687d51942d0de85318d2f7e5a350034ec92ac7c5
35,12.719364278946159,35,668e998b74c4d08314cf523e8805bfab49bb9c9d88d891d365a099faeb1f7a2f
36,12.781864278946159,35,9a2065ea6ed6e2aa09db58bf205b2a3814cd17c5b90b49ff2c497a7d18050deb
37,12.844364278946159,29,2d17d56ca498dd4bff84161698ae943d6e6590704e2d544f23e6f5c0c3526eb6
38,12.906864278946159,37,a05a9b1e665e42fa67a2e2db70e991c078a3d88d1db15ab5345eceeab19d5aed
39,12.969364278946159,32,081c937715b7300bf61374e6dc10437b9ea7b1f9acea22ed887bc6d83542f26b
40,13.031864278946159,32,3c400d5502c736fc1374704612a0af2a1e3fe6db6403bef4d16d0c9e0be44a52
41,13.094364278946159,37,994d153a78b22c98720faffe010def74b41fc106d6f8003f808d9bceb99047a6
42,13.156864278946159,39,7e03ebf08b4e7199628b21fbc8dc4e558822ef4bfc12496a9415dbdfcfc5164f
43,13.219364278946159,36,a3aacf812006c9f846fd66f97cbde75ebee960316f50eb3481783f268f529645
44,13.281864278946159,44,03e0c28af2786f64203562d522ad769b9c97ea3db6b8022fc9269c9df88a4364
45,13.344364278946159,29,4182659a20962edfc6d5b9c35d7750607284b0289c4b682ff1eb7c78661c3d1d
46,13.406864278946159,27,e6ccba389d60e849679bdf63c760edddcb48862604251b82e12e04414e05fce1
47,13.469364278946159,24,9b9415babb6dc5ed0ad24b89e06a50e11808027b0b85c462fc3a1c519ced572f
48,13.531864278946159,36,aafca170f80fcaa8ed099a3de006d29ea7b4fead7b55ac17f20a7c00f017074b
49,13.594364278946159,40,ec7b9932a2037f6bcb469002ba902f1a54e88f7e6496d21fa04d4dca659f2ba6
50,13.656864278946159,41,5f5152b749c725c68ee1652e29a27343b40ff8387e9a309360b1be62209d3bf0
51,13.719364278946159,46,b7036554988985d6d125533f4375dc53b6120dfa080cea6e3ba964341157dfc3
52,13.781864278946159,51,c0a17d214b232e32d322db02815d5e06ca149f992a266cd692d0c51794fd319f
53,13.844364278946159,46,fa2481907f8d2d9d052eb270126175bc8d7bb2888715415fd43445b4980ab041
54,13.906864278946159,47,1812ff5b688a4e3be38b81d8db15771adcd95e4c0d9a830f8bed4a074c726861
55,13.969364278946159,45,17d4d89f1790e16781ed97f0fd3890f7d294ca3ba72746c9c63fd186d2a8541a
56,14.031864278946159,50,bdc28b32241620c14d41b80aaa6b040395d38e1b88a8adc087ff4056b4ad055f
57,14.094364278946159,49,31c650a21e95889ab9db2dc12b1e8f96289907c3fd05cdef0136fb3d9ffe9ff3
58,14.156864278946159,57,e73db368f4b9dfb87b1fcf16c5c14d9e288f35dd946e109f766a316e4368f2e8
59,14.219364278946159,54,a85cceafa52b3b51301bc6acf22f7f44356a4950bf126606f88cf16199ced83e
60,14.281864278946159,50,033fa5b1446924138da34e87499086582b03c71456cfeacf074a94b39906b35f
61,14.344364278946159,57,b7c50266960f113073e8b876ba9974c98abbc0361e329cd1ea8e9bbdeacd1c67
62,14.406864278946159,70,a61b94afd5716e3aa4845b6ce6116da763a8234814ff721cee4182bc79ac3209
63,14.469364278946159,72,ce9c4bc0c73300bfc0d1da37208ad259ba6c9f7b219ee69bdc9f2039a6781737
64,14.531864278946159,86,b54c08f3682ec1c3fac64fefe4436c789a3b4fba39cbd1bb21e7f21044d726fb
65,14.594364278946159,80,405e89519785b60f6ec03608f5097291bf7f6a73ff2d362aad263fe8a916aa7b
66,14.656864278946159,82,626a6efc921ae3b76ac378d1aa1304964274802bc973e191f9c0a7879b407c51
67,14.719364278946159,85,d2161debd91e8d52cc69434d8bf6c609b0c7610ee524f90cf2b28a0b28f91db7
68,14.781864278946159,79,a0581089226891ff9c1b294c884613adea702639a30700bdad8fd6782c9b660b
69,14.844364278946159,89,a3755b68587a46a6b4ae1ae3ad16095ea84d9af1e679a4289d3f9aff431eea36
70,14.906864278946159,96,7bc688e92e56d8896f28ad2ab2e8659d8a0608e9db5fb73edb9e330d1df8e3b8
71,14.969364278946159,90,a73b4f53ea8d24698a5be9fc89cf6fab874795c4d38532bc3474a77f24dbe8d8
72,15.031864278946159,89,f311968291a0e7b2f6ea276baf6fa3cf64dcaf29bd3121a9f4a68c788a2b6a6c
73,15.094364278946159,60,bea9355069f76328771fa0177962700f55166ae51b325a953396ab079fbde23b
74,15.156864278946159,61,1f0d486d03f81bbbb6c59adc23dd6af399541d55c35eec7a76e257c4afbe1095
75,15.219364278946159,60,f6b0bfe53ab9d38f52960272c97a48ff327e136d09106074cd29558034480094
76,15.281864278946159,56,b383f192e5d157dc964087c50e438359b01969cb2eb6dcb38b1fa41247cd7ba8
77,15.344364278946159,50,e835880bcc4682f45dd3ad8790a791773b6fd23f08add81bb401b8ad79950ee6
78,15.406864278946159,66,1c89af5f1e03f98e9bf06d362c8e85a160685cc3630e2879f27454ec5c79240d
79,15.469364278946159,60,e575c708218c9adb9099a54415a3558c573c7ac15a2c317e416ded70ca7aff23
80,15.531864278946159,68,56e6b21af96a9d5a4bbc1a76421a4e768545cba20cc20e85ceeb0f77c4a068d0
81,15.594364278946159,61,319337ce348959412e3b40f2f30a8a7523e537c6c2cb94318d037c74bb2400fc
82,15.656864278946159,72,78ff62eb14a76214a5334d408b9ae80580ea300fdb72555fb91bbd8a2294c37f
83,15.719364278946159,73,f8f71e7d30559577c5deb5b2c7652850bfffa138563a809008271b4bd8ccb362
84,15.781864278946159,75,3235ff7939846eaa405b0162109d80ab82d5d652d5170f49dfc28dff7c14f43d
85,15.844364278946159,79,6ebafa2d711769db5d3f40975c4a1c181c8e915065add8ffc1b31c22c02820d0
86,15.906864278946159,75,ad3ca6f306752d5e838066cec3ea959401080d3e904f4d275c536185f3ed356b
87,15.969364278946159,84,4274f080df60aaeb1aa8ce369cb53cb1c97c4bde765ea4871407e8814b83d7e5
88,16.031864278946159,84,f3cfd56c9697a010c8779f2b585b3e823c367df285a80046a4fedab1cc2539ee
89,16.094364278946159,87,4d8fa0cb3f37dea1d739e5251fb738756474e19c432ec2ff9ef171778d2c4cd4
90,16.156864278946159,93,2e14f643b198aed3a71fcaa78d8eb6d4edfc3de81e610b521469791f18be04f6
91,16.219364278946159,97,349dcb87cff2355398461a8c0ab968a7b374b98853ca3b48f8ac55ec0ef2c60d
92,16.281864278946159,110,7f74b397add0920ff2412688c54322c46c80c93e82949eb1688931143d6146ef
93,16.344364278946159,99,5604642d1cc8effa7dd14ed1442e026737a1fd05af1b8f80a64ce1e3283275f6
94,16.406864278946159,113,666c1c7aa30c4ee46f3091986ff024dcd874b37cd81df969b1dd36c787ef628e
95,16.469364278946159,106,6d76c959389a601ee07fcb5b533c45ec448a01e5a4b8b0b1d7748975ff69c761
96,16.531864278946159,104,9db20b05d1bdb08959b48fb5eb478eb86ed9c01981d3d45561c3187eddbe5762
97,16.594364278946159,107,97396797e76fe2d7e2ca99c1d9ed0de991b4a8bba350c8bba2254716e1d9e712
98,16.656864278946159,123,397516480487f96db7c0ad39795eae30038052db05e3114fce6f403971597a80
99,16.719364278946159,126,efa5e063d39a7e878dd6e3da9e23270063317291141a63f287f3e568cd6fa268
100,16.781864278946159,127,68c57d3c6edc4ecf1e7752697731c69b30daf9127ac6f88aa2b60a6d29a8b933
101,16.844364278946159,135,3f6c6131233e3de2cd568eb1f138edbb0359047bc895aa2797e67ff9887af4fc
102,16.906864278946159,139,648ec7c12a8c05e7d63deceedd598c4bec4d4f849e036524285d87b4722016b0
103,16.969364278946159,146,90b9bfc262894af32e7d4321c0bba18ba42ffbab209b2735062a69f18f88862a
104,17.031864278946159,135,7224766abd3485fda399284fecbd5c5d22a2a0c64af865b30c7244b760b7a36e
105,17.094364278946159,144,cf6a59e0c761f6724cbebb079448b0880cd630f2489a0efa3c8ad4c2ae019099
106,17.156864278946159,144,f3270ea092e240e2047c9981a8209a5d8f7a7f3182417c6d7fdc6570a0a3f7d5
107,17.219364278946159,133,d88776a24a70c2376821dd61f7e8a9947288edebf38c0e66f9093f16c74b2153
108,17.281864278946159,146,249a85c5d99e82c0583ebbb6a029cb1bc622caecba03b5629157992311193f67
109,17.344364278946159,126,7c38f144537ceaa18823e42dc3e67fc91587f8f8c062000522d735dbf30e9c71
110,17.406864278946159,130,b56c35e76b18cf5b9d230bdb2f2baaf67e7f45b616f22250d392e976114eb6a8
111,17.469364278946159,120,2d107812654f94c92c0954e6029442399eca113f19ed4ca8fbc7aa7456c7303e
112,17.531864278946159,114,d5c07e8680d83e2d621c5d7ee2de142e53aac47abff64769867fd60f62a151e0
113,17.594364278946159,114,8af400f4cd1230fb8371934f46a9d2da65a189253c16a3991dadca778c9ed8ed
114,17.656864278946159,118,8d6af6009713ceed541de4f6c24b8c59a7893415d6332158724d7931d70aab35
115,17.719364278946159,114,db9246776b2be72c5353fa38905d7c2cd0bf42370783986e0ce5793958f0abf0
116,17.781864278946159,113,f766c688eb24b48bd116e11130ad63923d939c87c50b213ca492e190021431c6
117,17.844364278946159,108,5bfd4f7f2bdac4b699fa55188f6b2aa03a661df2aa640f6048afeae8adca1ab4
118,17.906864278946159,110,427b5698fb695c37e0aeb4300b52be2bfecc67c2d3538962e0bbf0b7ec6b05a1
119,17.969364278946159,122,12752e0e83a8d9d62d02822ddb3f091b31b560a5863d5cd8c882c55d5e2150b0
120,18.031864278946159,145,997cbba603f21cb8fbb6e9c21454fb692e15a8b01ed0d3b3df080cd5129576eb
121,18.094364278917055,243,93336e9e882427a4510ea7fca5865cd74dcc6248dd2979abc636376fe6312bb1
122,18.156864278975263,251,bb8ab460c398ef7840d8880419cffb0c57b2ea68d6838bdf6c51c6d4c36f57b6
123,18.219364278917055,290,abcc60d4290c53d310e299443b0f48761f47c0aeaeba94ec2705ca72607bf1bc
124,18.281864278975263,313,d352e24d6101bb61c3d135508124bedabdef5b943fff4b50edecac8e10368ea5
125,18.344364278975263,309,f9fcc45a3d935d069f62b18aa071596b7112f6ef45a3fdbacaa1b2bb8171e7d1
126,18.406864278975263,328,507ea25053dc10ff358a3cd89e487bf66bdfca803e42eab03a0a7269fa927bee
127,18.469364278975263,334,0d176312d82f493f81dc1308502cdc327c33b879fc16dde42f3a23ebabf64083
128,18.531864278975263,345,71e05fe442b0cd82e148cc84287e6e287ebc23813e52b62fd6c12a7e60819e42
129,18.594364278975263,354,4e23dd16807e1be996f081754680080ebc11cfb2eddf622d4c88de50d7a99e0e
130,18.656864278975263,349,f9a594bb060c49c7c8a251a94fcf88f4d8b2c4fc23c6452efdee2f349ab118a7
131,18.719364278975263,342,d7b2c7e9d2e203b622c1a59a5869acd4649b9cb0187d0d7146c4ccf7e6f4bf19
132,18.781864278975263,336,1ac5644f0986d4f718045f289f0da2c8d3b54e1dbd5ff1722d485e0fbdd27c2a
133,18.844364278975263,64,898c683d21eb79f9d11e945a66e1431b98dbd0d9d71c789cb9e7aa87c621ef3e
134,18.906864278975263,48,6865b0fefe2b3581446ecb1580579e21879fb363a0b1ab6b353453d0e3253b0d
135,18.969364278975263,31,c21ed596b540380b2dba2dd8a3384d6214c3543bf830a7fd30940a9c8b3645af
136,19.031864278975263,26,5dd5f89d074004326cb32e43ab77bd7c1cc87789f2d8f0481ce86db5a6db7b9d
137,19.094364278975263,17,af66d639f40b5d6b0d65320ddbc6d467f37d832528136f717b61e81ce34951dc
138,19.156864278975263,28,c3c6b99705891bfb4e762077c0774e456d6f5a0918fc6bd36f2ba4b2e0226f66
139,19.219364278975263,21,69f8e5afc3a05c7f2b76fe00be889b29d8689cfc5efa94ef913a79b40dbc9e2b
140,19.281864278975263,26,5550a2db0a29b23cf71f3d102323706c2a4f636817aff2ddb73de18dc4750316
141,19.344364278975263,27,87d07ae2f197113d7129842510b38238448a18153de2ce4d643fe27478fe8002
142,19.406864278975263,25,d4e746dba02d779cb4790880cf72ac5b6a934297604b093947bbe2717aec9d5f
143,19.469364278975263,34,b113dac49b0c2918c031d7ec6795bb8eeb65b60337b1ac1c5ab9237e37c8f13a
144,19.531864278975263,39,892ec1a835bf6e4f7a1218f54e14a63424af2ffd29e5a3d1624b084b1eae3787
145,19.594364278975263,41,e17a8660d8672a3d4e637ea2d6371a0487c18fe64ab9f08619ba34d6d2bdcf0d
146,19.656864278975263,46,8e0bd63147d6ae19bb060ab6ab724a46d2cbc88e94c09ed9022339d5ba8e1ade
147,19.719364278975263,55,b49f7a51a1ff8ce23f6c7b922342360da6eab7151f4b18d5d4ef321c981f2dc3
148,19.781864278975263,56,de4e88ad4c1fa084a20e07de4395d292cd9bdedf8a6eb9618ecaa9f1dad94350
149,19.844364278975263,60,d709003223b2364265eeeff87c1e5fefc99fc4d8a4363110232f35a47b8d6d33
150,19.906864278975263,75,48bca9111feea04df3615123f9a95bd98fb3d4d18a410a200da7fb005d89aaa9
151,19.969364278975263,73,1e5633c95b071650f010e92031132a43f79fc0cf5c21e2de7c465262ae0cc1ed
152,20.031864278975263,72,c59b2301cf578be7fdcea3be8592433d87f2f83bdd5cf582d34cf133e1cb8fb2
153,20.094364278975263,80,6ae0fd079ebf8acf37f3d803989f0fca9b7a1b028e8376c4eb9470e5bc23d8cb
154,20.156864278975263,76,2ba5e274df347ab811311af837a443b5e483e92cae45294736599875eda204c1
155,20.219364278975263,63,b7b2548014fab29a318041cf7fd8eeab29d3cc558b7d8957d3e05a342d7e5007
156,20.281864278975263,70,5591776c3075de201f2b5037e1bf358db39b615729324dcedb8bf1b5e64d8ed5
157,20.344364278975263,70,af94c53d559999080ec63cc388e35381280ae98fa3650da6ec3c582fdccb863d
158,20.406864278975263,73,62671e0aefa9e0a72034d7de69774236b35037893a986706e8c85a744d1f2311
159,20.469364278975263,80,bb10889af55e00c7fb7bd80e376387306cfe722c18a5a57e288b5a2ad887710b
160,20.531864278975263,80,d43a1710c4d736bee2e5276de25acb477674a5d475bbb54822acf7b600d741e4
161,20.594364278975263,59,68299869fa4713bf4e0142febf6c92d92a654a9cb5ce8a804f6892ff68c43ff4
162,20.656864278975263,54,84befd96473badeb117ad297614709a5c4d5b5f546f208d798c42112aae7e04a
163,20.719364278975263,60,0ce8135ba529cf758cd9e39091653d62950796477fff02a85dca1d6baa8a95fb
164,20.781864278975263,63,8024e3c3df3e1c5e9181472a283dd2510503168e131a2f099f3b2181ee8f814e
165,20.844364278975263,52,00bd069c669dcf09a7edab137bcc34ba1d6ef3ded1af4af54ebcc08159d9d3d6
166,20.906864278975263,55,2cf3641b575ab69342237df14fcaeda15bf5b793561dd91eb8c03ba13b41c0ec
167,20.969364278975263,51,7bc7f271f2ca4a528c4cbcb5aeaa1425ed3633af626c3f47e8b833b727778a4c
168,21.031864278975263,46,ebe74d44463ede5bd5a51db5e3878034c76ac553515abbc784e48020e26ddd3a
169,21.094364278975263,52,dacfa12f584a175197d34000ed14a690b3cbaf391da5d1b9de432cc4cffd2dad
170,21.156864278975263,48,4cb4c96054c98d485443e184d836810959f84c6790dce122c0e8f3f01b7616c8
171,21.219364278975263,58,02c4815574982d7525f5165fe07e44fe4fa864b7f0d8cf6cd27e64db50d865da
172,21.281864278975263,49,91bfa22c4b2a5c53a1534eca358d05accb74c7f0cde43749597623caf6e64d7f
173,21.344364278975263,59,4d9041aff6dbe5d3b512fb8f3e818c7546abed49addeb2cb3e4678e70c5ec5be
174,21.406864278975263,61,7288e0be86fd9d94b1d2f6c34c09e3335c18d9b84fa000a80aa24a7c9a74b977
175,21.469364278975263,65,40cc00d7ec5c68c8d1006e492b58d199f41e76a299422735b1dca2c205798f92
176,21.531864278917055,64,655fdbc05db0380445c56d8629a5056060b83e5ee034508a213f9909a5360c97
177,21.594364278917055,69,c41e085bb2cf3ef3797a188a95614a998f883a29220f8dfa4cf4f0b3e6e81e37
178,21.656864278917055,71,169a117416e75986a1066fb48f7344643a4f959e54e762cf46340141d5592770
179,21.719364278946159,66,fdc0eef2189cd50f61c36d673f70ed6e9b6bcbfafaf82ae9b6fab8bc276371f1
180,21.781864278946159,75,a705c5a3caeb5e37806868851af373965463314c81bf00d50d93a0cac6eb1d70
181,21.844364278946159,79,f3a6eaac8cf5c6a47062d0d80008e907f82e381bb2c8d20ff9d14e5c30b31dc4
182,21.906864279004367,82,b7641c9fad735aefb92518ec881afab4401cb0fa4e835011f3e4f0d20f69e306
183,21.969364279004367,109,bd1a3a3b44215e952d23ac3fff09b623a9c8c4906ec491aeea3e4f0eff946cd1
184,22.031864278946159,106,dc4a3e53d8ab5880f03f3b4907104cea34c3b56ffde39eb30fa72591a2e5558e
185,22.094364278946159,82,924214a680c77995a896a8d6ce8edfb2ce6402ae50255914c62c724203892eb4
186,22.156864279004367,87,bd6517604f8b20521a04a7963ce5b887cfa36cd2d340a977e943fe80f0c534e3
187,22.219364279004367,84,bbebb7eb278f327b585c6399e4f087fd77a5dcd7e6acb2f5794dd01b9ff99473
188,22.281864279004367,89,42d6e01d48bacead41981f6ab23cbacd2430dfadf9f22896c31b3ce74a5f9a74
189,22.344364279004367,77,1b21819b7c3899241a4742ac3c4caf06da0ee8f23850e2c607026f054965b009
190,22.406864279004367,82,38b559abe6245979efd976db39c9ba5236de1c94094d8c2d8b849f53eb74756d
191,22.469364279004367,82,c5dbc0489cc1b6ec9d1e5c475f3a6a3e4a59dbb0e431fab8a6797f590b7a4d7b
192,22.531864279004367,91,5feea6f7eb4a2fa4f6ab99872d6a582df8158dec82500bd08fb4ad0d1044f325
193,22.594364279004367,89,f109694fdae3c8fbb9d5d7c39cf3b1d74420cda6842dc46358581640c11d8dd3
194,22.656864279004367,86,443df921a9fde0df435ff483854900e52d5a7af11e3f46649d4b1f97c65b9169
195,22.719364279004367,87,e59d3c5ae7c98a0f40ec0057fd29275a0eff34773637933df74447781bee0324
196,22.781864279004367,96,fe7aaba507926f4822cde4cdb6b5831f37ee28dc898dec57ba4655ca11643887
197,22.844364279004367,97,87439602d68112d680d71d8cd16686fe399e4a70a31aa47a3c5b0518f9a30261
198,22.906864279004367,97,58aa179fb88d7c8dd360bc852acf44a80173c2a9781e6fc2c7fbee46c3167773
199,22.969364279004367,98,137d0989a0f3ce9e0b0fc442473ca8242d3c7ef812f0ed313fc82dce13f192ee
200,23.031864279004367,92,0a71cbc26041a4bdb66c141a0bdfe9517a78eefd7da0e8fdd6282fa058f0b067
201,23.094364279004367,92,405406cab2ba824b0d9b3133ecc3407a9fdffdcbcf1dc4acdf1e815d32d1e41d
202,23.156864279004367,92,d298456540b3f8640359e0479f2332fccd3c18036b032a763e2657a9d2e7ca66
203,23.219364279004367,102,9ed5d0e7df5f6459a857a082711323a23176221eb93842bef5886dcbcd0a9bc7
204,23.281864279004367,100,3e13ea9314da0a1d7c2fcc8750a420dfa0912e2f9eb6f8186b6bf1f8cf5b59e1
205,23.344364279004367,98,744782cd16ff961315d81657df6127694919daed270efef73ee4e48b2907714c
206,23.406864279004367,97,ba48cf6b6201debece83960843462c74fa6258ebb62c131bbc11ef1024f7be59
207,23.469364279004367,104,d825601e0ebdbd19e49bc5a7b04856e586310f2a6fc6f883a3027afb9a421006
208,23.531864279004367,96,51701b33171c93e0155838caeeee1037bb19ef214458bb534599130e4999de1b
209,23.594364279004367,101,b24a819cd0e005b99b7168aa3a3c33e9513a3188ac63829c77fcdc48b319b6c0
210,23.656864279004367,111,a34e5ffabb6afc5da398e35919eb7fe52a0955b1891a5caec655db6c0fd37ffd
211,23.719364279004367,111,806c9bd18a2ed5d0b6db36a5430ead39336c7bcfd6981f7bd158e4e47c370b4b
212,23.781864279004367,118,304d094935503d2ae679c831dd86100d5c7f98aa03172d2d5181be332c942d86
213,23.844364279004367,114,ba42124fcf67e4c0e0d5bff90f7978ccff4c803d33cd86e95f0939c9de0e6066
214,23.906864279004367,109,89642e854ef86509866408668a164303954b76b49d2b1f53671e31feea7adaea
215,23.969364279004367,108,df1c593f6a3dbc9387e92c0f791b9e5ebd63ed3ca39d856d4be14b759b01c235
216,24.031864279004367,96,1809aea22e35660722f713edfa020e98ac36505022178e74f0e333bb0b616133
217,24.094364279004367,109,b96fceb93b015d007f34e5d4f9ea018843affd1fd49250fb9affca1b3a192b66
218,24.156864279004367,119,456960ad958a739c18d8f2375505f60a4ee3357b504200bff7d861a1452d14de
219,24.219364279004367,116,b9c5438239ab2ac9660695452d5ccfd7283296da4c8b0d756f09d5971a30ccf6
220,24.281864279004367,122,52a90169d90d1866e9a4ca3c7277f4c4f999d9ab62f313ba83704e45d5a7baa3
221,24.344364279004367,123,d3093281f36f88fcd891c56289cfa3097e867341dee5f40ff872990642249f0a
222,24.406864279004367,121,334f55bb5fe87c3f3d30e5c2e2a70e64f5f3d495acae86895a45fd4209ae9e3c
223,24.469364279004367,126,4b81610dbc459d7d5668dbc3f69612b6fa1b08cd29090b0e17353e5b616dae5c
224,24.531864279004367,131,01c2760f37a7233c7574e1bc72b2020976e5517e101acc5e2a1fba5ac90c9c34
225,24.594364279004367,132,d76b3bb155678fa83c3f0e2bf7d6d2ea6ce5bbd3f267a13c3f0ef92cd92e0e90
226,24.656864279004367,137,066bbc043f34a48dae74dd8f7f4e4209714624a4b98207751576e80599d2c0f0
227,24.719364279004367,140,e097c109672ed17822432ab1958cab5b27b74aefe420024884672daa518fc0ab
228,24.781864279004367,142,acf760b52e9abc4562480e1a47212a43891040dea69f5610f99c69dd64d6fc73
229,24.844364279004367,145,1c8562c0ce11161991226e1109c1f9f398a3749cbd33c93e9b49b68b184cbfe3
230,24.906864279004367,149,115eb56cbde56e87d7c02cd91f5e8fd483ced386f6a6a4385bb274154949907d
231,24.969364279004367,143,f2e609f9bd1bd7e01a0724bdf457e0b4fcd400dead77a67e2103458d1446609f
232,25.031864279004367,140,2d2e155cb53c45d7b797b074f203d3928e3c3225931864dfcb84efdacf9f3c07
233,25.094364279004367,142,30f6982d47276fd3c06802d730106ac97250c502037015424aa05aa6eab11785
234,25.156864279004367,148,7a4afc07213e189549b242e8e2be96573dc653a6f29da854fbf83e7872bb3212
