signal,bin,frequency_Hz,amplitude,power,power_fraction
centerline_heat_release,0,0,101.89172184215332,677734527.61245167,0.048702788469557258
centerline_heat_release,1,0.068242521367130937,321.5609728834379,1687518278.069252,0.12126701885006383
centerline_heat_release,2,0.13648504273426187,467.33838128170851,3564385904.2648659,0.25614090126237499
centerline_heat_release,3,0.20472756410139281,387.28979185213575,2447901383.0716777,0.17590902985873816
centerline_heat_release,4,0.27297008546852375,222.71926585369653,809538281.20288515,0.058174358928306587
centerline_heat_release,5,0.34121260683565469,115.79392126848451,218823187.56309867,0.015724887816567022
centerline_heat_release,6,0.40945512820278562,58.232499000391186,55341722.637030974,0.0039769203151377242
centerline_heat_release,7,0.47769764956991656,82.160827922346584,110166976.74463327,0.007916726603300079
centerline_heat_release,8,0.5459401709370475,116.31152347232161,220783851.95997924,0.015865783432019078
centerline_heat_release,9,0.61418269230417843,84.834105777053097,117452642.01042716,0.0084402829514619113
centerline_heat_release,10,0.68242521367130937,54.176212282469002,47900394.910503939,0.0034421778821759254
centerline_heat_release,11,0.75066773503844031,135.45114236397973,299424382.00122786,0.021516983044388403
centerline_heat_release,12,0.81891025640557125,217.02780441669609,768692371.78042817,0.055239124547587289
centerline_heat_release,13,0.88715277777270218,183.76172146151194,551101913.40295434,0.039602822078706829
centerline_heat_release,14,0.95539529913983312,196.60621557898884,630835761.2252928,0.045332588773691833
centerline_heat_release,15,1.0236378205069641,218.43158917290984,778668683.3276453,0.055956033855280633
centerline_heat_release,16,1.091880341874095,123.75519880431209,249947456.66079417,0.017961513858735324
centerline_heat_release,17,1.1601228632412259,69.950926299269497,79856221.531609207,0.0057385606115320075
centerline_heat_release,18,1.2283653846083569,71.685483596766062,83865676.850291073,0.0060266847166322952
centerline_heat_release,19,1.2966079059754878,18.961140032492686,5867467.7176368805,0.00042164302903486119
centerline_heat_release,20,1.3648504273426187,46.549947028158513,35363903.746151626,0.0025412911006232209
centerline_heat_release,21,1.4330929487097497,33.838961127582095,18687700.30317191,0.0013429197978951264
centerline_heat_release,22,1.5013354700768806,12.898712294983202,2715279.4296866925,0.00019512312610903409
centerline_heat_release,23,1.5695779914440116,48.094761530091411,37750035.903035812,0.0027127613223139062
centerline_heat_release,24,1.6378205128111425,61.230093087940304,61185942.889052577,0.0043968927543557986
centerline_heat_release,25,1.7060630341782734,8.7545844581501111,1250814.4544211123,8.9884976058311237e-05
centerline_heat_release,26,1.7743055555454044,56.352569475590634,51826187.727456108,0.0037242899029591736
centerline_heat_release,27,1.8425480769125353,56.231859764321328,51604397.524064451,0.0037083518019471787
centerline_heat_release,28,1.9107905982796662,72.122429514784599,84891168.877160415,0.0061003777619575515
centerline_heat_release,29,1.9790331196467972,90.4151247063933,133414793.6699011,0.0095873416656298473
centerline_heat_release,30,2.0472756410139281,74.294527356101668,90081470.275285602,0.0064733588346153788
centerline_heat_release,31,2.1155181623810591,43.56459888745804,30973426.805136055,0.0022257863402386012
centerline_heat_release,32,2.18376068374819,55.502462634822962,50274333.743918166,0.0036127718775132178
centerline_heat_release,33,2.2520032051153209,30.783080649361363,15464859.470484588,0.001111322721236849
centerline_heat_release,34,2.3202457264824519,15.758234896414011,4052630.0223880839,0.00029122668933669608
centerline_heat_release,35,2.3884882478495828,33.824427987422943,18671651.781743743,0.0013417665325493003
centerline_heat_release,36,2.4567307692167137,32.561036801911506,17302874.903303757,0.0012434046400136975
centerline_heat_release,37,2.5249732905838447,39.042465956115365,24876902.163924094,0.0017876830152591546
centerline_heat_release,38,2.5932158119509756,28.482014824187377,13239245.450599171,0.00095138751886902288
centerline_heat_release,39,2.6614583333181066,27.841598936287767,12650572.030455368,0.00090908476478046498
centerline_heat_release,40,2.7297008546852375,17.333095733936723,4903137.6872830093,0.00035234515564980826
centerline_heat_release,41,2.7979433760523684,49.909442412935022,40652499.537479281,0.0029213357222738199
centerline_heat_release,42,2.8661858974194994,54.600812532812704,48654165.589297153,0.0034963447165751505
centerline_heat_release,43,2.9344284187866303,28.481973400809601,13239206.941113774,0.00095138475153277991
centerline_heat_release,44,3.0026709401537612,23.388662835368692,8927556.43272423,0.00064154454993568344
centerline_heat_release,45,3.0709134615208922,17.798335354778445,5169881.4984632079,0.00037151367500684693
centerline_heat_release,46,3.1391559828880231,22.012140219235096,7907630.3373450944,0.00056825147889675871
centerline_heat_release,47,3.207398504255154,35.918468034915222,21055105.799837314,0.0015130443000832365
centerline_heat_release,48,3.275641025622285,20.318188622642804,6737391.6367336614,0.00048415676987322948
centerline_heat_release,49,3.3438835469894159,41.030720502767302,27475152.027613286,0.0019743962611492487
centerline_heat_release,50,3.4121260683565469,42.033161019372116,28834068.148741242,0.0020720495482383959
centerline_heat_release,51,3.4803685897236778,17.912066182864379,5236163.368441782,0.00037627676698668942
centerline_heat_release,52,3.5486111110908087,13.174485797677356,2832625.5288041141,0.00020355575276474953
centerline_heat_release,53,3.6168536324579397,27.468993571754236,12314231.47913212,0.00088491494303250559
centerline_heat_release,54,3.6850961538250706,12.879539199296277,2707213.2570330608,0.00019454348159558029
centerline_heat_release,55,3.7533386751922015,17.605872196683965,5058676.5012744069,0.00036352235505163742
centerline_heat_release,56,3.8215811965593325,15.898206824847669,4124944.4346699952,0.00029642328679657968
centerline_heat_release,57,3.8898237179264634,12.078956960750141,2381116.723382636,0.00017110980682770099
centerline_heat_release,58,3.9580662392935944,7.5573205329400421,932089.2577339377,6.6981014106043862e-05
centerline_heat_release,59,4.0263087606607249,16.359347879778515,4367709.9797687763,0.00031386870016853
centerline_heat_release,60,4.0945512820278562,3.9727316694833505,257572.96810943188,1.8509491947388284e-05
centerline_heat_release,61,4.1627938033949867,16.699406725487442,4551178.8483132841,0.00032705298565410248
centerline_heat_release,62,4.2310363247621181,14.08481400380902,3237606.4025914157,0.0002326581476209815
centerline_heat_release,63,4.2992788461292486,9.22608657114605,1389174.7102284417,9.9827704363621199e-05
centerline_heat_release,64,4.36752136749638,1.1449504518067541,21394.158217320502,1.5374089996757858e-06
centerline_heat_release,65,4.4357638888635105,17.710277544651774,5118851.7525349688,0.00036784661833444518
centerline_heat_release,66,4.5040064102306419,20.354037006008696,6761186.8351793755,0.00048586672040588913
centerline_heat_release,67,4.5722489315977723,11.194363988797072,2045128.805166773,0.00014696532570344695
centerline_heat_release,68,4.6404914529649037,14.82334177392258,3586031.1823915103,0.00025769635602971642
centerline_heat_release,69,4.7087339743320342,11.363261327060387,2107306.9845806691,0.00015143352172421808
centerline_heat_release,70,4.7769764956991656,1.7069161015985612,47549.523368930844,3.4169638466310323e-06
centerline_heat_release,71,4.8452190170662961,13.950256214637898,3176041.6258730139,0.00022823403142868031
centerline_heat_release,72,4.9134615384334275,4.8640402313913649,386114.5206011908,2.7746636855157343e-05
centerline_heat_release,73,4.981704059800558,12.11461056753115,2395194.2125287633,0.00017212143150983374
centerline_heat_release,74,5.0499465811676894,11.691694171032809,2230882.5729339053,0.00016031380669475197
centerline_heat_release,75,5.1181891025348198,10.634350263528125,1845626.1662950243,0.00013262883490325369
centerline_heat_release,76,5.1864316239019512,5.6127038543894097,514121.86407429341,3.6945392883838587e-05
centerline_heat_release,77,5.2546741452690817,6.2269869949964294,632816.41348558757,4.547492074016949e-05
centerline_heat_release,78,5.3229166666362131,11.654179417559789,2216589.2224173415,0.00015928666996441337
centerline_heat_release,79,5.3911591880033436,8.8079015691684255,1266096.2511468728,9.0983143678590841e-05
centerline_heat_release,80,5.459401709370475,7.7989027219828717,992633.26287488313,7.1331776469984377e-05
centerline_heat_release,81,5.5276442307376055,10.596009757881353,1832341.917132311,0.0001316742133654847
centerline_heat_release,82,5.5958867521047368,12.129644103638036,2401142.4979572599,0.00017254888219321736
centerline_heat_release,83,5.6641292734718673,8.0315430467938302,1052736.7897932697,7.5650885558453874e-05
centerline_heat_release,84,5.7323717948389987,9.0751174872803411,1344083.7482574419,9.6587415587868835e-05
centerline_heat_release,85,5.8006143162061292,9.0699443553364887,1342551.8362304149,9.6477330614525223e-05
centerline_heat_release,86,5.8688568375732606,12.737796338666108,2647953.8955422509,0.00019028503521290125
centerline_heat_release,87,5.9370993589403911,14.035409867392369,3214933.6680233772,0.0002310288586432108
centerline_heat_release,88,6.0053418803075225,9.6642063407229148,1524242.9873851077,0.00010953386726856063
centerline_heat_release,89,6.073584401674653,10.825796237998491,1912676.4683928394,0.00013744714730559468
centerline_heat_release,90,6.1418269230417843,8.6464835411435921,1220115.251481849,8.7678895762827299e-05
centerline_heat_release,91,6.2100694444089148,6.4661370480855958,682356.96344090195,4.903496206437202e-05
centerline_heat_release,92,6.2783119657760462,10.655728062395273,1853053.9981419831,0.00013316260750667152
centerline_heat_release,93,6.3465544871431767,15.740235998678067,4043377.5627687303,0.0002905617968672922
centerline_heat_release,94,6.4147970085103081,12.611520570691013,2595713.3026861828,0.00018653096567721391
centerline_heat_release,95,6.4830395298774386,15.143963237610237,3742836.9736133222,0.00026896460188341513
centerline_heat_release,96,6.55128205124457,7.8508720098303435,1005906.4945184735,7.2285606276062763e-05
centerline_heat_release,97,6.6195245726117005,5.6228861835323212,515988.95227095002,3.7079564005112452e-05
centerline_heat_release,98,6.6877670939788318,9.7207652003498239,1542136.1714607754,0.00011081969220971285
centerline_heat_release,99,6.7560096153459623,7.839239874033141,1002927.9278740528,7.2071563025622593e-05
centerline_heat_release,100,6.8242521367130937,6.7547317018492974,744625.70558997872,5.3509666028231534e-05
centerline_heat_release,101,6.8924946580802242,6.619807570425869,715175.36790347879,5.1393330636916162e-05
centerline_heat_release,102,6.9607371794473556,7.459343582887886,908077.76275407127,6.5255520253809472e-05
centerline_heat_release,103,7.0289797008144861,6.1233281114892915,611923.1451134833,4.3973506265169991e-05
centerline_heat_release,104,7.0972222221816175,7.5752945319667653,936528.21042341646,6.7300002389883643e-05
centerline_heat_release,105,7.165464743548748,2.3423481052403181,89541.567536891205,6.4345607982296726e-06
centerline_heat_release,106,7.2337072649158793,7.9519720322749512,1031980.5342941948,7.4159316987271995e-05
centerline_heat_release,107,7.3019497862830098,4.1716601278235315,284013.93865598936,2.0409570728965658e-05
centerline_heat_release,108,7.3701923076501412,2.9213335600905133,139278.51042201792,1.0008715145936058e-05
centerline_heat_release,109,7.4384348290172717,4.6230604562501671,348803.60366158886,2.50654311303787e-05
centerline_heat_release,110,7.5066773503844031,2.7706486394780505,125280.85995863414,9.0028277640572204e-06
centerline_heat_release,111,7.5749198717515336,4.659622459757589,354342.52655432216,2.5463464547599308e-05
centerline_heat_release,112,7.643162393118665,6.267201786436142,641016.44840838388,4.6064184751396464e-05
centerline_heat_release,113,7.7114049144857955,6.3957938153951819,667591.39023020933,4.7973890864051917e-05
centerline_heat_release,114,7.7796474358529268,9.8948092706796711,1597852.447414211,0.00011482352836017577
centerline_heat_release,115,7.8478899572200573,8.8610595510603858,1281424.8097151187,9.2084671659056072e-05
centerline_heat_release,116,7.9161324785871887,0.72746152336834602,8636.5814484731072,6.206347504042381e-07
centerline_heat_release,117,7.9843749999543192,4.6935235736771377,359517.3257410613,2.5835331613383965e-05
centerline_heat_release,118,8.0526175213214497,6.8365214366473781,762767.49489960715,5.4813356029563963e-05
centerline_heat_release,119,8.120860042688582,7.1085466102016941,824676.17593625281,5.9262185584668431e-05
centerline_heat_release,120,8.1891025640557125,4.7417130790524391,366937.72176079237,2.6368569869641085e-05
centerline_heat_release,121,8.257345085422843,3.2035785655965334,167491.42444772311,1.2036127839139502e-05
centerline_heat_release,122,8.3255876067899734,7.9108394445094801,1021332.044634586,7.3394104181545276e-05
centerline_heat_release,123,8.3938301281571057,3.1382603235625037,160731.03819221511,1.155031864931646e-05
centerline_heat_release,124,8.4620726495242362,4.9375300783855973,397870.12114759232,2.8591407932058112e-05
centerline_heat_release,125,8.5303151708913667,3.2265879919063005,169906.0502138467,1.2209645644606698e-05
centerline_heat_release,126,8.5985576922584972,10.489544757515565,1795705.4401784572,0.00012904147367957976
centerline_heat_release,127,8.6668002136256295,8.8122303640062007,1267341.0465520148,9.1072596118793472e-05
centerline_heat_release,128,8.73504273499276,0.42794144054218469,2988.7563108910681,2.1477549167986003e-07
centerline_heat_release,129,8.8032852563598905,6.4505720947115917,679075.84791437502,4.8799177300689455e-05
centerline_heat_release,130,8.8715277777270209,4.5265208118419382,334388.13615873957,2.4029518931904266e-05
centerline_heat_release,131,8.9397702990941532,4.261435961470184,296369.66591434693,2.1297467606775952e-05
centerline_heat_release,132,9.0080128204612837,6.2387061525116119,635200.56933544693,4.5646248942147356e-05
centerline_heat_release,133,9.0762553418284142,0.48751046914135865,3878.7314409196129,2.787301357698428e-07
centerline_heat_release,134,9.1444978631955447,5.0486313959231399,415976.83386385714,2.9892577288746921e-05
centerline_heat_release,135,9.212740384562677,4.4401892943963128,321754.6176366295,2.3121659651994006e-05
centerline_heat_release,136,9.2809829059298075,8.8735634780119383,1285043.823246425,9.2344738164896635e-05
centerline_heat_release,137,9.349225427296938,5.1227005493561881,428272.07431667403,3.0776127514622828e-05
centerline_heat_release,138,9.4174679486640684,11.059354862887146,1996095.9096600174,0.00014344176501615528
centerline_heat_release,139,9.4857104700311989,14.737335173958673,3544538.8381585646,0.00025471466809446816
centerline_heat_release,140,9.5539529913983312,7.6507517888257128,955278.5862616509,6.8647426124352758e-05
centerline_heat_release,141,9.6221955127654617,12.783477049698705,2666980.3126167739,0.00019165229559046893
centerline_heat_release,142,9.6904380341325922,11.175865678133157,2038375.3763089636,0.00014648001648028431
centerline_heat_release,143,9.7586805554997227,4.8318596081762273,381022.33307660324,2.7380706359139994e-05
centerline_heat_release,144,9.826923076866855,4.0816787183160237,271893.89218024275,1.9538610145285568e-05
centerline_heat_release,145,9.8951655982339854,5.5157554268222944,496514.36686581012,3.5680097731997893e-05
centerline_heat_release,146,9.9634081196011159,7.3259184824090351,875882.76620752597,6.2941950496476481e-05
centerline_heat_release,147,10.031650640968246,5.6048052662412022,512675.86598808656,3.6841481785833872e-05
centerline_heat_release,148,10.099893162335379,4.5894604887862753,343751.88492181088,2.4702408768130403e-05
centerline_heat_release,149,10.168135683702509,7.5100294581299378,920460.37801340828,6.6145349334526243e-05
centerline_heat_release,150,10.23637820506964,2.782053976439915,126314.41676912681,9.0771003540786014e-06
centerline_heat_release,151,10.30462072643677,3.6322224674614887,215311.23823211793,1.5472515068220985e-05
centerline_heat_release,152,10.372863247803902,1.2783641222228714,26670.488147488977,1.9165721823305924e-06
centerline_heat_release,153,10.441105769171033,5.745286223179467,538697.74401130597,3.8711444093066617e-05
centerline_heat_release,154,10.509348290538163,7.7545064993350588,981364.05378029845,7.0521958046410391e-05
centerline_heat_release,155,10.577590811905294,1.8909130219925454,58353.233038016333,4.1933309420977408e-06
centerline_heat_release,156,10.645833333272426,7.9899322921782892,1041856.7642468712,7.4869034315613506e-05
centerline_heat_release,157,10.714075854639557,5.0590157201590431,417689.80532974581,3.0015673403167209e-05
centerline_heat_release,158,10.782318376006687,1.7994015562356307,52841.848442090508,3.7972764587953322e-06
centerline_heat_release,159,10.850560897373818,6.1822994447106403,623766.27604246547,4.4824567376787598e-05
centerline_heat_release,160,10.91880341874095,6.7541421305173923,744495.72535407881,5.3500325497867001e-05
centerline_heat_release,161,10.98704594010808,2.6200020151544328,112027.6093552848,8.0504338186832969e-06
centerline_heat_release,162,11.055288461475211,5.2753600531950795,454177.93397359364,3.2637752607618627e-05
centerline_heat_release,163,11.123530982842341,10.296496889705049,1730217.9087347095,0.00012433546378727849
centerline_heat_release,164,11.191773504209474,6.6905325516041536,730538.64315051434,5.2497353398146679e-05
centerline_heat_release,165,11.260016025576604,2.2488910024958595,82538.891389284792,5.9313403760104416e-06
centerline_heat_release,166,11.328258546943735,3.8479364100449693,241644.87594244964,1.7364880787816761e-05
centerline_heat_release,167,11.396501068310865,3.7683708008796875,231754.98134315287,1.6654181502135394e-05
centerline_heat_release,168,11.464743589677997,4.6288082972922586,349671.47636693344,2.5127797468620021e-05
centerline_heat_release,169,11.532986111045128,2.9126682499944674,138453.47520673249,9.9494271593677249e-06
centerline_heat_release,170,11.601228632412258,5.2100084622944793,442994.84756333992,3.1834123059934117e-05
centerline_heat_release,171,11.669471153779389,3.6540535279441015,217907.22376721661,1.5659065596834805e-05
centerline_heat_release,172,11.737713675146521,11.598208257461724,2195349.2630681312,0.00015776034187407574
centerline_heat_release,173,11.805956196513652,9.7470770896036107,1550495.8902683123,0.00011142043128992873
centerline_heat_release,174,11.874198717880782,4.407442567888169,317026.18992115132,2.278186935736081e-05
centerline_heat_release,175,11.942441239247913,7.2664053579256498,861709.85623569693,6.1923468763241287e-05
centerline_heat_release,176,12.010683760615045,5.8812668861328161,564499.54086551489,4.0565591112478324e-05
centerline_heat_release,177,12.078926281982175,3.627921949644465,214801.68703226591,1.5435898128564348e-05
centerline_heat_release,178,12.147168803349306,6.9603796273078613,790656.18388815934,5.68174695359064e-05
centerline_heat_release,179,12.215411324716436,3.0636892422937985,153183.23637800472,1.1007924865038387e-05
centerline_heat_release,180,12.283653846083569,8.6221686711965706,1213262.7015053157,8.7186463581217957e-05
centerline_heat_release,181,12.351896367450699,4.905846474858901,392780.32384943357,2.8225649200481579e-05
centerline_heat_release,182,12.42013888881783,3.5862678137702346,209897.49453191832,1.5083477172825471e-05
centerline_heat_release,183,12.48838141018496,4.1132949746708203,276122.32880372601,1.9842470500690384e-05
centerline_heat_release,184,12.556623931552092,7.0279662839048607,806085.5876507014,5.7926244368886699e-05
centerline_heat_release,185,12.624866452919223,11.162596400082011,2033537.8606655407,0.00014613238700074492
centerline_heat_release,186,12.693108974286353,3.8660021686493602,243919.20969708331,1.7528317046776903e-05
centerline_heat_release,187,12.761351495653484,5.008554225532925,409398.8116702569,2.9419872991724355e-05
centerline_heat_release,188,12.829594017020616,4.8842521509816681,389330.09028864495,2.7977711418893827e-05
centerline_heat_release,189,12.897836538387747,2.6493813514207822,114554.13431992789,8.2319928302177219e-06
centerline_heat_release,190,12.966079059754877,6.0749574387718006,602293.66721798829,4.3281520825577999e-05
centerline_heat_release,191,13.034321581122008,5.6927405435780454,528889.07816676609,3.8006581999824759e-05
centerline_heat_release,192,13.10256410248914,4.7509038351343804,368361.55462428834,2.6470888149058156e-05
centerline_heat_release,193,13.17080662385627,5.4030084067395503,476423.42197386757,3.4236339151963826e-05
centerline_heat_release,194,13.239049145223401,6.9277664761346562,783264.23665876826,5.6286275642687748e-05
centerline_heat_release,195,13.307291666590531,5.8958208244782835,567296.84867577069,4.0766608893064281e-05
centerline_heat_release,196,13.375534187957664,2.1775383891617435,77384.406834567082,5.5609331432221378e-06
centerline_heat_release,197,13.443776709324794,3.8456693145711269,241360.21914847402,1.7344425020759627e-05
centerline_heat_release,198,13.512019230691925,1.9336323316894344,61019.636467979632,4.3849417822322762e-06
centerline_heat_release,199,13.580261752059055,7.3145210836954968,873159.552808707,6.2746257226152229e-05
centerline_heat_release,200,13.648504273426187,10.796509894443709,1902341.9799905156,0.00013670449899406099
centerline_heat_release,201,13.716746794793318,12.242588837181808,2446066.9846015694,0.00017577720785909282
centerline_heat_release,202,13.784989316160448,16.705975229232145,4554759.85153112,0.00032731032069477318
centerline_heat_release,203,13.853231837527579,14.708164359156914,3530520.7333078668,0.00025370731083661571
centerline_heat_release,204,13.921474358894711,9.7023279193643965,1536291.8097835477,0.00011039970960751558
centerline_heat_release,205,13.989716880261842,7.1578213644015234,836148.7192444423,6.0086615840442702e-05
centerline_heat_release,206,14.057959401628972,7.4747424802086897,911830.86235946766,6.5525222340304486e-05
centerline_heat_release,207,14.126201922996103,5.8583452854016018,560107.96377544338,4.0250007294107757e-05
centerline_heat_release,208,14.194444444363235,3.1163215553384109,158491.63475812663,1.1389392523665712e-05
centerline_heat_release,209,14.262686965730365,3.0328506517989506,150114.92268867686,1.0787432287958068e-05
centerline_heat_release,210,14.330929487097496,3.2693950204395752,174444.23086968489,1.2535764565088069e-05
centerline_heat_release,211,14.399172008464626,7.3970290341987432,892969.16860736464,6.4169799171556719e-05
centerline_heat_release,212,14.467414529831759,8.3486831895027809,1137516.6957804977,8.1743267840216579e-05
centerline_heat_release,213,14.535657051198889,3.0353363148113894,150361.08582744765,1.0805121856348202e-05
centerline_heat_release,214,14.60389957256602,4.7122954692480992,362398.87843861419,2.6042403329188667e-05
centerline_heat_release,215,14.67214209393315,3.8452659595439123,241309.591419309,1.7340786853477662e-05
centerline_heat_release,216,14.740384615300282,2.0439589190686847,68181.435896059687,4.8995969877682011e-06
centerline_heat_release,217,14.808627136667413,0.56612653618599462,5230.5678723783367,3.7587466815586807e-07
centerline_heat_release,218,14.876869658034543,0.92643982746381437,14007.358747002609,1.0065850303890242e-06
centerline_heat_release,219,14.945112179401674,4.1478082907829581,280775.47350047459,2.0176850870364534e-05
centerline_heat_release,220,15.013354700768806,5.8702662145097309,562389.76875636831,4.0413980444046372e-05
centerline_heat_release,221,15.081597222135937,6.2987772382701364,647491.8651229199,4.6529515699800823e-05
centerline_heat_release,222,15.149839743503067,6.0353866711138959,594472.8384623701,4.2719507008924247e-05
centerline_heat_release,223,15.218082264870198,8.0679099821577207,1062291.9867550842,7.633753308407959e-05
centerline_heat_release,224,15.28632478623733,8.3121938205171304,1127594.997198022,8.1030283083451552e-05
centerline_heat_release,225,15.35456730760446,3.2425172190460319,171587.79750588909,1.2330497953713823e-05
centerline_heat_release,226,15.422809828971591,3.9564907143028591,255471.3007286659,1.8358463694129002e-05
centerline_heat_release,227,15.491052350338721,1.7988271971081371,52808.120168317859,3.7948527059598676e-06
centerline_heat_release,228,15.559294871705854,4.0383881151766996,266157.02152898331,1.91263519727681e-05
centerline_heat_release,229,15.627537393072984,7.1982480045861967,845620.35557923163,6.0767258602585698e-05
centerline_heat_release,230,15.695779914440115,6.9292629379073789,783602.65787636267,5.6310594983524893e-05
centerline_heat_release,231,15.764022435807245,4.0812276779458934,271833.80496887007,1.9534292208651118e-05
centerline_heat_release,232,15.832264957174377,3.6962470493711113,222968.64740989002,1.6022785364650585e-05
centerline_heat_release,233,15.900507478541508,3.3958965744895231,188204.81380545281,1.3524615999733777e-05
centerline_heat_release,234,15.968749999908638,3.6798089250810073,220989.86390583505,1.5880587689161716e-05
centerline_heat_release,235,16.036992521275771,2.7415333110421201,122661.66964574021,8.8146097132228224e-06
centerline_heat_release,236,16.105235042642899,3.1655481007211912,163538.36507004965,1.1752056411708079e-05
centerline_heat_release,237,16.173477564010032,1.8384019537152725,55157.270085290773,3.9636653410378804e-06
centerline_heat_release,238,16.241720085377164,3.2829580699225622,175894.59301570861,1.2639989269488017e-05
centerline_heat_release,239,16.309962606744293,7.6126953596688134,945798.71410115366,6.7966191526231242e-05
centerline_heat_release,240,16.378205128111425,5.8658569161269405,561545.23704027489,4.0353291416338677e-05
centerline_heat_release,241,16.446447649478554,7.0890323085038371,820154.6073375952,5.8937260425865045e-05
centerline_heat_release,242,16.514690170845686,5.0206760546314539,411382.88435262331,2.9562450753695446e-05
centerline_heat_release,243,16.582932692212818,1.3107844000701945,28040.409118121595,2.0150162906568586e-06
centerline_heat_release,244,16.651175213579947,1.0552417830650209,18172.964398203607,1.305930279321133e-06
centerline_heat_release,245,16.719417734947079,0.22704880877749373,841.31817872558952,6.0458099188796219e-08
centerline_heat_release,246,16.787660256314211,4.9344539400093632,397374.52019895683,2.8555793473618553e-05
centerline_heat_release,247,16.85590277768134,4.7768905078200801,372402.33148249239,2.67612630562819e-05
centerline_heat_release,248,16.924145299048472,2.0711334276895381,70006.436880386711,5.0307436731960952e-06
centerline_heat_release,249,16.992387820415601,1.1387123492079119,21161.667129987367,1.5207019207442579e-06
centerline_heat_release,250,17.060630341782733,5.5472248784408738,502196.13009602227,3.6088395821383954e-05
centerline_heat_release,251,17.128872863149866,5.7224646581268406,534426.58744310541,3.8404513832933288e-05
centerline_heat_release,252,17.197115384516994,3.4685819257740111,196347.66053844226,1.410977040137522e-05
centerline_heat_release,253,17.265357905884127,3.4739085309897124,196951.17491359828,1.4153139643687704e-05
centerline_heat_release,254,17.333600427251259,5.4207364155933915,479554.97177334898,3.4461375949193727e-05
centerline_heat_release,255,17.401842948618388,1.1147300781444671,20279.687424944597,1.457321837158339e-06
centerline_heat_release,256,17.47008546998552,2.0049303100621216,262409.99432326132,1.8857086255949983e-05
display_lit_area,0,0,8.175402085095989,4363149.0765351197,0.011669668957151987
display_lit_area,1,0.068242521367130937,42.061506988761714,28872971.014251545,0.077223584992271416
display_lit_area,2,0.13648504273426187,62.8767419865856,64521117.116866417,0.17256803842636323
display_lit_area,3,0.20472756410139281,49.054104471907685,39271050.695699237,0.1050342661182401
display_lit_area,4,0.27297008546852375,41.24190829123377,27758712.697818868,0.074243392141320544
display_lit_area,5,0.34121260683565469,33.55996836216891,18380820.887954056,0.049161303260686726
display_lit_area,6,0.40945512820278562,32.828325038477573,17588113.809439953,0.047041130645911713
display_lit_area,7,0.47769764956991656,42.257758823665398,29143032.318027131,0.077945890363441697
display_lit_area,8,0.5459401709370475,46.378751532171449,35104268.285691947,0.093889799016996053
display_lit_area,9,0.61418269230417843,40.198918019643529,26372454.119447462,0.070535707985945981
display_lit_area,10,0.68242521367130937,33.699134708882774,18533579.996659622,0.049569872438020267
display_lit_area,11,0.75066773503844031,30.956085710536009,15639177.130347257,0.041828508875599885
display_lit_area,12,0.81891025640557125,28.272636057315331,13045310.576823773,0.034890959076663008
display_lit_area,13,0.88715277777270218,22.057844521119641,7940502.0095414836,0.021237649271093697
display_lit_area,14,0.95539529913983312,15.72473027616593,4035415.2158497153,0.01079311269167476
display_lit_area,15,1.0236378205069641,13.873117517242175,3141014.5480043464,0.0084009506257616551
display_lit_area,16,1.091880341874095,12.236540358699132,2443650.6118926825,0.0065357825706874994
display_lit_area,17,1.1601228632412259,9.0427055235283973,1334500.0490409951,0.0035692509062694075
display_lit_area,18,1.2283653846083569,6.8539357902771147,766658.36856462108,0.0020505027922364943
display_lit_area,19,1.2966079059754878,6.7307080269857344,739338.49788864178,0.0019774331260049524
display_lit_area,20,1.3648504273426187,5.6346432512163238,518149.00288284075,0.0013858401874553671
display_lit_area,21,1.4330929487097497,5.3173872656707788,461443.35883943998,0.0012341753961817017
display_lit_area,22,1.5013354700768806,5.4631118337114852,487081.90896209126,0.0013027482061463535
display_lit_area,23,1.5695779914440116,7.3753409509221726,887740.47533152881,0.0023743487296130905
display_lit_area,24,1.6378205128111425,8.3383524126563877,1134703.27953645,0.0030348749044578926
display_lit_area,25,1.7060630341782734,7.4910476662024204,915813.28387820488,0.0024494322018233437
display_lit_area,26,1.7743055555454044,8.0876895452293684,1067507.0741479385,0.0028551520808033225
display_lit_area,27,1.8425480769125353,8.3999080998762281,1151518.4132330026,0.0030798486241880581
display_lit_area,28,1.9107905982796662,7.835771323421854,1002040.613098926,0.0026800556275680025
display_lit_area,29,1.9790331196467972,7.1808346015268683,841533.99534970219,0.002250764979526928
display_lit_area,30,2.0472756410139281,7.5031984152055786,918786.65761779144,0.0024573847807103388
display_lit_area,31,2.1155181623810591,8.4146508477572031,1155564.0392760732,0.0030906690467358382
display_lit_area,32,2.18376068374819,8.4105523441795018,1154438.6378687923,0.0030876590505985275
display_lit_area,33,2.2520032051153209,5.6312058218870371,517516.99932291475,0.0013841498321191853
display_lit_area,34,2.3202457264824519,4.7171085177797369,363139.55107663351,0.00097125224739705003
display_lit_area,35,2.3884882478495828,5.191379985398112,439832.63921520161,0.0011763754128400921
display_lit_area,36,2.4567307692167137,3.7476774284066021,229216.68309045906,0.00061306243820719118
display_lit_area,37,2.5249732905838447,2.031405418849447,67346.500076926721,0.00018012480149879649
display_lit_area,38,2.5932158119509756,2.1194922307607893,73313.75696674452,0.00019608481369754482
display_lit_area,39,2.6614583333181066,2.2736809717553021,84368.605734349796,0.0002256520879818744
display_lit_area,40,2.7297008546852375,2.2629746134418585,83575.922995544926,0.00022353198046603235
display_lit_area,41,2.7979433760523684,3.0611872576464014,152933.14207768175,0.00040903464660916266
display_lit_area,42,2.8661858974194994,3.7067589653117752,224238.6710331983,0.00059974825806941869
display_lit_area,43,2.9344284187866303,3.7429125461657611,228634.19102410483,0.00061150450620319939
display_lit_area,44,3.0026709401537612,3.155660922006243,162518.37873557428,0.00043467129956588254
display_lit_area,45,3.0709134615208922,3.4235942799850019,191287.41655956116,0.00051161690507526799
display_lit_area,46,3.1391559828880231,3.0943976578073169,156269.4432870344,0.00041795791051134617
display_lit_area,47,3.207398504255154,2.7627495296470372,124567.52765443979,0.00033316803644320469
display_lit_area,48,3.275641025622285,3.0978600970661323,156619.3505899054,0.00041889377181669426
display_lit_area,49,3.3438835469894159,3.7334745573946648,227482.61383505777,0.00060842450037734783
display_lit_area,50,3.4121260683565469,3.8864121733060677,246501.48117148213,0.00065929232127067241
display_lit_area,51,3.4803685897236778,3.3854779231532426,187051.75607763641,0.00050028821683383734
display_lit_area,52,3.5486111110908087,2.1804607539778247,77592.253656653411,0.00020752807156696349
display_lit_area,53,3.6168536324579397,2.3537198882530435,90413.102387513252,0.00024181868548237649
display_lit_area,54,3.6850961538250706,2.6791806447702844,117145.55431928516,0.00031331724282813886
display_lit_area,55,3.7533386751922015,2.1140558496519861,72938.147777516235,0.00019508021018327775
display_lit_area,56,3.8215811965593325,1.6588842186321795,44911.128599048119,0.0001201192061168745
display_lit_area,57,3.8898237179264634,2.0264590195713854,67018.926757106077,0.00017924867461556427
display_lit_area,58,3.9580662392935944,2.6276422279088467,112681.93155464085,0.0003013788471649836
display_lit_area,59,4.0263087606607249,2.1141650493778963,72945.6830859662,0.0001951003641027425
display_lit_area,60,4.0945512820278562,1.5329190873861038,38349.550817731601,0.00010256962456432878
display_lit_area,61,4.1627938033949867,1.8447329679283715,55537.820968719534,0.00014854133423770359
display_lit_area,62,4.2310363247621181,2.6039822905771297,110661.83571574918,0.00029597590326183683
display_lit_area,63,4.2992788461292486,2.6553065334906094,115067.09414634114,0.00030775819780505591
display_lit_area,64,4.36752136749638,2.6633597209961883,115766.11859870696,0.000309627807073264
display_lit_area,65,4.4357638888635105,2.7131490874999264,120134.88456037063,0.00032131249893906994
display_lit_area,66,4.5040064102306419,2.6255245885443621,112500.3820738433,0.00030089327532155429
display_lit_area,67,4.5722489315977723,2.5843098978860648,108996.11023655292,0.00029152075754603878
display_lit_area,68,4.6404914529649037,2.2700713975023419,84100.940200563724,0.00022493619033186715
display_lit_area,69,4.7087339743320342,1.9942659787604216,64906.468247303019,0.00017359869771523413
display_lit_area,70,4.7769764956991656,2.0602109333089076,69270.000823639246,0.00018526939238011362
display_lit_area,71,4.8452190170662961,2.1899341613910557,78267.945559860484,0.0002093352756503308
display_lit_area,72,4.9134615384334275,1.9968479066615461,65074.642709963562,0.00017404849676446899
display_lit_area,73,4.981704059800558,1.6158488134531861,42611.150956611033,0.00011396769095539715
display_lit_area,74,5.0499465811676894,1.4192024595051973,32870.819219266923,8.7916221039106306e-05
display_lit_area,75,5.1181891025348198,1.5078693198186435,37106.434638181374,9.9244788755108428e-05
display_lit_area,76,5.1864316239019512,1.5877500753148965,41142.066482525195,0.00011003848084087873
display_lit_area,77,5.2546741452690817,1.686471856843774,46417.314888181463,0.00012414764866460092
display_lit_area,78,5.3229166666362131,1.7032653106959077,47346.340887423743,0.00012663241956597799
display_lit_area,79,5.3911591880033436,1.6466105754450082,44249.016096470186,0.00011834832146866718
display_lit_area,80,5.459401709370475,1.4083140875827505,32368.372610001017,8.6572378439203e-05
display_lit_area,81,5.5276442307376055,1.5720025822635924,40330.009825767731,0.00010786655588654353
display_lit_area,82,5.5958867521047368,1.9575947218889036,62541.369704198674,0.00016727301033556111
display_lit_area,83,5.6641292734718673,1.9008695176485579,58969.362176965216,0.00015771932683218381
display_lit_area,84,5.7323717948389987,1.3870932941727454,31400.254057718372,8.3983050681145423e-05
display_lit_area,85,5.8006143162061292,1.5913354261008319,41328.084785869971,0.00011053600498729833
display_lit_area,86,5.8688568375732606,2.2038813006889271,79268.057860728703,0.00021201017381823294
display_lit_area,87,5.9370993589403911,2.404177873057129,94331.123977708034,0.00025229781744017253
display_lit_area,88,6.0053418803075225,2.2422194539298643,82049.898880525667,0.00021945047971267111
display_lit_area,89,6.073584401674653,2.0610653159656618,69327.466161952427,0.00018542308904801618
display_lit_area,90,6.1418269230417843,2.3245920367686788,88189.180935512923,0.00023587059004114485
display_lit_area,91,6.2100694444089148,1.8943387779254353,58564.860981071986,0.00015663744882021482
display_lit_area,92,6.2783119657760462,0.9300768672318549,14117.555481810468,3.7758782949443512e-05
display_lit_area,93,6.3465544871431767,0.77150851615923699,9714.115574648542,2.598135222500465e-05
display_lit_area,94,6.4147970085103081,0.93787788276421369,14355.370518938282,3.8394842526513534e-05
display_lit_area,95,6.4830395298774386,0.85077915019736805,11812.871889612918,3.1594681265051109e-05
display_lit_area,96,6.55128205124457,0.73365969320563085,8784.3804625264402,2.3494684731873401e-05
display_lit_area,97,6.6195245726117005,0.59992812609044432,5873.8150002718558,1.5710092725770388e-05
display_lit_area,98,6.6877670939788318,0.6789048359781007,7522.1089964378716,2.0118616235261278e-05
display_lit_area,99,6.7560096153459623,0.75613541769227199,9330.8450983811563,2.4956257849214449e-05
display_lit_area,100,6.8242521367130937,0.87698379083333666,12551.769361139148,3.3570934822913779e-05
display_lit_area,101,6.8924946580802242,0.67500809146975516,7436.0067495753656,1.9888327354517754e-05
display_lit_area,102,6.9607371794473556,0.49014730961004055,3920.8033803991912,1.048657212777972e-05
display_lit_area,103,7.0289797008144861,1.0185879379460718,16932.413886299753,4.528739706861377e-05
display_lit_area,104,7.0972222221816175,1.5311156726548618,38259.370633465573,0.00010232842884114363
display_lit_area,105,7.165464743548748,1.6759564034044538,45840.278966820857,0.00012260430965405054
display_lit_area,106,7.2337072649158793,1.4730639703506478,35413.18857920319,9.4716036556943974e-05
display_lit_area,107,7.3019497862830098,1.4503773850391897,34330.79467808042,9.1821068201342022e-05
display_lit_area,108,7.3701923076501412,1.4958062850554708,36515.102579932478,9.7663213328170263e-05
display_lit_area,109,7.4384348290172717,1.5976255958682855,41655.450652910949,0.00011141157701778073
display_lit_area,110,7.5066773503844031,1.1919911999951185,23188.2469032187,6.2019234344419009e-05
display_lit_area,111,7.5749198717515336,0.88264478513970057,12714.337540467452,3.4005739319035826e-05
display_lit_area,112,7.643162393118665,0.9499856207179439,14728.410535138859,3.9392574536231705e-05
display_lit_area,113,7.7114049144857955,0.99996624155808811,16318.960638835058,4.3646656357483225e-05
display_lit_area,114,7.7796474358529268,0.82885404614106661,11211.867103847453,2.9987235182297359e-05
display_lit_area,115,7.8478899572200573,0.54839200336082916,4907.9942380555249,1.3126910631987976e-05
display_lit_area,116,7.9161324785871887,0.73789445021099243,8886.0817752373478,2.3766694839945749e-05
display_lit_area,117,7.9843749999543192,1.2298565869793547,24684.865238637325,6.6022086464110637e-05
display_lit_area,118,8.0526175213214497,1.0175683092745975,16898.531424461195,4.5196775110442375e-05
display_lit_area,119,8.120860042688582,0.48451675263744493,3831.2404844092107,1.0247027402464743e-05
display_lit_area,120,8.1891025640557125,0.65820184832099682,7070.3353423880108,1.8910303410316172e-05
display_lit_area,121,8.257345085422843,0.81853550418623799,10934.44793975422,2.9245250494048124e-05
display_lit_area,122,8.3255876067899734,0.84523283379559433,11659.355278241408,3.1184086072747499e-05
display_lit_area,123,8.3938301281571057,0.70254277413512423,8055.0336715650919,2.1543975403316826e-05
display_lit_area,124,8.4620726495242362,0.77422343011332961,9782.6031939688419,2.6164529061530722e-05
display_lit_area,125,8.5303151708913667,1.1017788807255235,19811.196446642567,5.298698259492386e-05
display_lit_area,126,8.5985576922584972,1.1611640019961431,22004.370290022292,5.8852840549530036e-05
display_lit_area,127,8.6668002136256295,1.0172791495149438,16888.928764931916,4.5171091858312039e-05
display_lit_area,128,8.73504273499276,0.98751118266550453,15914.971390361379,4.2566147598960518e-05
display_lit_area,129,8.8032852563598905,1.037972032313969,17583.005875234212,4.7027468976280372e-05
display_lit_area,130,8.8715277777270209,1.0694024600878109,18663.976341546535,4.9918630216258112e-05
display_lit_area,131,8.9397702990941532,0.82304129676160875,11055.160988487507,2.9568109349616881e-05
display_lit_area,132,9.0080128204612837,0.44369007001941696,3212.7818365810781,8.5928992584927487e-06
display_lit_area,133,9.0762553418284142,0.22364397450205448,816.2744840823616,2.1832059460539305e-06
display_lit_area,134,9.1444978631955447,0.37366240905324444,2278.6658122069648,6.0945145870541512e-06
display_lit_area,135,9.212740384562677,0.41144678963290743,2762.7982591401615,7.3893741685225179e-06
display_lit_area,136,9.2809829059298075,0.32914007542343793,1768.0044193801891,4.7287007450437372e-06
display_lit_area,137,9.349225427296938,0.29555351566625654,1425.5881512547435,3.812874944807599e-06
display_lit_area,138,9.4174679486640684,0.25257996417724754,1041.1651244075774,2.7846979597628227e-06
display_lit_area,139,9.4857104700311989,0.35100794867066698,2010.7390865006814,5.3779183537095618e-06
display_lit_area,140,9.5539529913983312,0.38264617981708032,2389.5525256460219,6.3910919477818709e-06
display_lit_area,141,9.6221955127654617,0.35675209800869151,2077.0879644601155,5.5553749172794545e-06
display_lit_area,142,9.6904380341325922,0.26527706100824944,1148.474117910831,3.0717063585917238e-06
display_lit_area,143,9.7586805554997227,0.52155061413960124,4439.3025044855221,1.1873348748638563e-05
display_lit_area,144,9.826923076866855,0.84721246546998119,11714.034314650957,3.1330330503685488e-05
display_lit_area,145,9.8951655982339854,0.81638284718108156,10877.010810818274,2.9091629274884089e-05
display_lit_area,146,9.9634081196011159,0.78259618519649787,9995.3330764020102,2.6733495938834931e-05
display_lit_area,147,10.031650640968246,0.83836828688875265,11470.741723236486,3.0679620671925817e-05
display_lit_area,148,10.099893162335379,0.77484126762237548,9798.2226406606751,2.6206304799418716e-05
display_lit_area,149,10.168135683702509,0.59691317370303665,5814.9253679481371,1.5552586644228949e-05
display_lit_area,150,10.23637820506964,0.38802843958315064,2457.2476715608336,6.5721492366745284e-06
display_lit_area,151,10.30462072643677,0.43364761079856523,3068.9918388739256,8.2083188457774817e-06
display_lit_area,152,10.372863247803902,0.55854637474116153,5091.4360390378788,1.3617543670836102e-05
display_lit_area,153,10.441105769171033,0.44963431019013422,3299.4435662188816,8.8246845306408388e-06
display_lit_area,154,10.509348290538163,0.34991249421821735,1998.2081113375284,5.3444030350030062e-06
display_lit_area,155,10.577590811905294,0.34306369914894846,1920.7522471096211,5.1372397503032345e-06
display_lit_area,156,10.645833333272426,0.40328207846462499,2654.2367808885815,7.0990158767308816e-06
display_lit_area,157,10.714075854639557,0.35717295106841473,2081.9914503130076,5.5684897697943659e-06
display_lit_area,158,10.782318376006687,0.35345780192345094,2038.9048658020063,5.45325048529643e-06
display_lit_area,159,10.850560897373818,0.31771350797297065,1647.3776786504427,4.4060727286720827e-06
display_lit_area,160,10.91880341874095,0.25176125372261277,1034.4264167390772,2.7666746270022409e-06
display_lit_area,161,10.98704594010808,0.19898777560438199,646.21139534689905,1.728355581658494e-06
display_lit_area,162,11.055288461475211,0.30846066556549517,1552.821016270974,4.1531716867168858e-06
display_lit_area,163,11.123530982842341,0.35387067847361303,2043.6709661292505,5.4659978867855578e-06
display_lit_area,164,11.191773504209474,0.33265949493125241,1806.0162981446108,4.8303672326743772e-06
display_lit_area,165,11.260016025576604,0.35496374326636376,2056.3157823831671,5.4998176846239588e-06
display_lit_area,166,11.328258546943735,0.34295228965407409,1919.5049260338826,5.133903668087885e-06
display_lit_area,167,11.396501068310865,0.38611093311432176,2433.0218891844193,6.5073550122275228e-06
display_lit_area,168,11.464743589677997,0.35148010780273259,2016.1522252158907,5.3923963226529923e-06
display_lit_area,169,11.532986111045128,0.33893587865494013,1874.8084668278264,5.0143586162590045e-06
display_lit_area,170,11.601228632412258,0.34949888350716712,1993.4869777692322,5.3317759015088034e-06
display_lit_area,171,11.669471153779389,0.33340621250942837,1814.1332929322843,4.8520769291430344e-06
display_lit_area,172,11.737713675146521,0.3048388036347997,1516.5694899269265,4.0562134338115195e-06
display_lit_area,173,11.805956196513652,0.23360551656596187,890.6109006002996,2.3820259627456793e-06
display_lit_area,174,11.874198717880782,0.1097142616260755,196.44816973800891,5.2541984421524374e-07
display_lit_area,175,11.942441239247913,0.12771340106202198,266.19185249227792,7.1195614524882543e-07
display_lit_area,176,12.010683760615045,0.24420472655903516,973.26240633875693,2.6030854988420001e-06
display_lit_area,177,12.078926281982175,0.24173769225200883,953.6973177984263,2.5507567559138903e-06
display_lit_area,178,12.147168803349306,0.16169239000665248,426.67871507936638,1.1411939561765512e-06
display_lit_area,179,12.215411324716436,0.14185333418692214,328.39831026155491,8.7833340085728962e-07
display_lit_area,180,12.283653846083569,0.18231959818329527,542.48599111688418,1.4509318428454516e-06
display_lit_area,181,12.351896367450699,0.19958773293797774,650.11398413767336,1.7387934370847848e-06
display_lit_area,182,12.42013888881783,0.16933396238386147,467.9613222516482,1.2516083268382225e-06
display_lit_area,183,12.48838141018496,0.21732609229224206,770.80683989578233,2.0615982845663902e-06
display_lit_area,184,12.556623931552092,0.28565367344250203,1331.6848050638339,3.5617212608984141e-06
display_lit_area,185,12.624866452919223,0.26683957128918662,1162.0432332804055,3.1079982848190269e-06
display_lit_area,186,12.693108974286353,0.26147337088099765,1115.7753154757368,2.9842502132665474e-06
display_lit_area,187,12.761351495653484,0.24025640524283773,942.04525674290414,2.5195921789532405e-06
display_lit_area,188,12.829594017020616,0.21086375306797062,725.64746385123976,1.9408151163758936e-06
display_lit_area,189,12.897836538387747,0.19218233086899558,602.76597660529683,1.612156559913869e-06
display_lit_area,190,12.966079059754877,0.18186999138200016,539.81370954287354,1.4437845644045863e-06
display_lit_area,191,13.034321581122008,0.15328103425395942,383.4410999814603,1.0255507256019015e-06
display_lit_area,192,13.10256410248914,0.13301489099922759,288.7502330434707,7.7229074042862797e-07
display_lit_area,193,13.17080662385627,0.10862668129824835,192.57275360744131,5.1505466472638584e-07
display_lit_area,194,13.239049145223401,0.077686000930753757,98.493449761476626,2.6343036485864637e-07
display_lit_area,195,13.307291666590531,0.042418948941161792,29.365785642185401,7.8541665916014945e-08
display_lit_area,196,13.375534187957664,0.037327701438263611,22.739678133749798,6.0819493296749812e-08
display_lit_area,197,13.443776709324794,0.045443283943766073,33.70243141554343,9.0140449196578201e-08
display_lit_area,198,13.512019230691925,0.014277566847716642,3.3268270348425952,8.8979242958039993e-09
display_lit_area,199,13.580261752059055,0.054212962701707043,47.965403392646586,1.2828816278561437e-07
display_lit_area,200,13.648504273426187,0.064853746519445005,68.642320577296843,1.8359060016896682e-07
display_lit_area,201,13.716746794793318,0.059544182199244206,57.862938817589317,1.5476008934020469e-07
display_lit_area,202,13.784989316160448,0.12330526050044643,248.13328646049797,6.6365674412015871e-07
display_lit_area,203,13.853231837527579,0.16956456927408387,469.23677326763027,1.2550196453300932e-06
display_lit_area,204,13.921474358894711,0.16164302457978311,426.41822092051405,1.1404972390702239e-06
display_lit_area,205,13.989716880261842,0.17984728698076066,527.87318263784459,1.4118484573150919e-06
display_lit_area,206,14.057959401628972,0.2038898664109294,678.44258503343883,1.8145610509512787e-06
display_lit_area,207,14.126201922996103,0.19166119957833608,599.50142759249036,1.6034252042793048e-06
display_lit_area,208,14.194444444363235,0.12838837837735392,269.01298568610417,7.1950154190580362e-07
display_lit_area,209,14.262686965730365,0.099192278851691504,160.5748605037424,4.294731699627386e-07
display_lit_area,210,14.330929487097496,0.11752378024018545,225.41007444604892,6.0288129107000101e-07
display_lit_area,211,14.399172008464626,0.13187715390709076,283.83173332737766,7.5913573186810626e-07
display_lit_area,212,14.467414529831759,0.12071738822108893,237.82717599778101,6.3609204366503328e-07
display_lit_area,213,14.535657051198889,0.091014412581695001,135.18924994314122,3.6157687159636468e-07
display_lit_area,214,14.60389957256602,0.066406548913926625,71.968696949252788,1.9248731912280192e-07
display_lit_area,215,14.67214209393315,0.056176498737584256,51.502837087391441,1.3774937519239499e-07
display_lit_area,216,14.740384615300282,0.032479324355261345,17.216140184229037,4.604625080319722e-08
display_lit_area,217,14.808627136667413,0.0069218690598332258,0.78193126183065143,2.0913516390913964e-09
display_lit_area,218,14.876869658034543,0.03242432273474187,17.157880730989366,4.5890430197252778e-08
display_lit_area,219,14.945112179401674,0.075664883423892451,93.435207026967603,2.4990159992735159e-07
display_lit_area,220,15.013354700768806,0.075204872449464985,92.302566236892162,2.4687224135268564e-07
display_lit_area,221,15.081597222135937,0.043389496232397212,30.724939280999727,8.2176855259457506e-08
display_lit_area,222,15.149839743503067,0.05883957816818472,56.501622432039312,1.5111911551908311e-07
display_lit_area,223,15.218082264870198,0.088978597248360575,129.20904816284988,3.4558223702192779e-07
display_lit_area,224,15.28632478623733,0.094437223434936768,145.54866865535786,3.8928415017876331e-07
display_lit_area,225,15.35456730760446,0.077387848319934782,97.738880687997977,2.6141219606855004e-07
display_lit_area,226,15.422809828971591,0.098195727546776704,157.36458547581063,4.2088697540916497e-07
display_lit_area,227,15.491052350338721,0.12364549435127968,249.50451453445353,6.6732422772136582e-07
display_lit_area,228,15.559294871705854,0.12124005077870915,239.89104527415674,6.4161206390813436e-07
display_lit_area,229,15.627537393072984,0.10615808225492417,183.91957149181746,4.9191088280558369e-07
display_lit_area,230,15.695779914440115,0.080871146292331414,106.73553113790801,2.8547461764343608e-07
display_lit_area,231,15.764022435807245,0.073095440381087701,87.197170295486757,2.3321736055757402e-07
display_lit_area,232,15.832264957174377,0.075004446205534481,91.811236237958681,2.4555813121441255e-07
display_lit_area,233,15.900507478541508,0.065620620002802901,70.27526248820341,1.879580630248708e-07
display_lit_area,234,15.968749999908638,0.060387528292209156,59.513614231163643,1.5917498218347637e-07
display_lit_area,235,16.036992521275771,0.069300428641425146,78.377906528665548,2.0962937701648945e-07
display_lit_area,236,16.105235042642899,0.062222581961681303,63.185565179669972,1.6899597414233872e-07
display_lit_area,237,16.173477564010032,0.043585611929914309,31.003313590016997,8.2921394576227122e-08
display_lit_area,238,16.241720085377164,0.032513961028927466,17.252879112776675,4.6144512660968049e-08
display_lit_area,239,16.309962606744293,0.03703168130188806,22.380442964216712,5.9858683699671696e-08
display_lit_area,240,16.378205128111425,0.047829414482128838,37.334638138263067,9.9855141336261027e-08
display_lit_area,241,16.446447649478554,0.06677838682844528,72.776918811281831,1.9464898754356141e-07
display_lit_area,242,16.514690170845686,0.10693106785605036,186.60772805350069,4.9910062045368412e-07
display_lit_area,243,16.582932692212818,0.11461588057541405,214.39339835687099,5.7341611334772809e-07
display_lit_area,244,16.651175213579947,0.10099725388704972,166.47190470510566,4.4524539145883532e-07
display_lit_area,245,16.719417734947079,0.13021442568775668,276.71966118266937,7.4011379929778109e-07
display_lit_area,246,16.787660256314211,0.15412283007014305,387.66426355633035,1.0368459896431138e-06
display_lit_area,247,16.85590277768134,0.13292255564029554,288.34948689786484,7.7121890566592745e-07
display_lit_area,248,16.924145299048472,0.11903570033871945,231.24709222133416,6.1849296601847261e-07
display_lit_area,249,16.992387820415601,0.12650288056820411,261.16961407248448,6.9852367737875638e-07
display_lit_area,250,17.060630341782733,0.12951901404706367,273.77190444392454,7.3222973558509132e-07
display_lit_area,251,17.128872863149866,0.11181013070122899,204.02534828767372,5.4568574935686684e-07
display_lit_area,252,17.197115384516994,0.088906083371444247,128.99853391677595,3.4501919608077391e-07
display_lit_area,253,17.265357905884127,0.085112588379453319,118.22502483415589,3.1620439230127843e-07
display_lit_area,254,17.333600427251259,0.081978631734252308,109.67891574685278,2.9334698766734512e-07
display_lit_area,255,17.401842948618388,0.065162494115085248,69.297443817766805,1.853427913520589e-07
display_lit_area,256,17.47008546998552,0.026233844571392769,44.92682120666872,1.2016117753082223e-07
