beginning_time_s,candidate,represented_dt_s,maximum_deviation,p95,tail_cells,tail_drained_m3,dynamics_passed,physical_valid,terminal_valid,token,next_available,suggested_dt_s,disposition,error
1.7705995632568374,0,0.0016462659696117043,0.25094103813171387,0.034367680549621582,13873,0.0033006740315252615,0,1,1,0,1,0.0016366583295166492,1,production realized manifold deviation exceeds the dynamics-validity bound
1.7705995632568374,1,0.0016366583295166492,0.25016367435455322,0.034265577793121338,13873,0.0033006725310460896,0,1,1,0,1,0.0016349888173863292,1,production realized manifold deviation exceeds the dynamics-validity bound
1.7705995632568374,2,0.0016349888173863292,0.25002837646447351,0.034263432025909424,13873,0.0033006722703883169,0,1,1,0,1,0.0016346992924809456,1,production realized manifold deviation exceeds the dynamics-validity bound
1.7705995632568374,3,0.0016346992924809456,0.25000495289507096,0.03426516056060791,13873,0.0033006722251070603,0,1,1,0,1,0.0016346486518159509,1,production realized manifold deviation exceeds the dynamics-validity bound
1.7705995632568374,4,0.0016346486518159509,0.25000085464235466,0.034264922142028809,13873,0.0033006722172308151,0,1,1,0,1,0.001634639804251492,1,production realized manifold deviation exceeds the dynamics-validity bound
1.7705995632568374,5,0.001634639804251492,0.25000019712739596,0.034264922142028809,13873,0.0033006722158803441,0,1,1,0,1,0.0016346377087756991,1,production realized manifold deviation exceeds the dynamics-validity bound
1.7705995632568374,6,0.0016346377087756991,0.25000007464089147,0.034264922142028809,13873,0.003300672215490171,0,1,1,0,1,0.0016346367774531245,1,production realized manifold deviation exceeds the dynamics-validity bound
1.7705995632568374,7,0.0016346367774531245,0.25000003508101365,0.034264683723449707,13873,0.003300672215442774,0,1,1,0,1,0.0016346363117918372,1,production realized manifold deviation exceeds the dynamics-validity bound
1.7755267315078527,0,0.0016462659696117043,0.25683993889928503,0.034687995910644531,14648,0.0034894908888256837,0,1,1,0,1,0.0015655156457796693,1,production realized manifold deviation exceeds the dynamics-validity bound
1.7755267315078527,1,0.0015655156457796693,0.25160176475563922,0.034063756465911865,14648,0.0034894938954313998,0,1,1,0,1,0.0015468312194570899,1,production realized manifold deviation exceeds the dynamics-validity bound
1.7755267315078527,2,0.0015468312194570899,0.25036914363174168,0.033926248550415039,14648,0.0034894945919711228,0,1,1,0,1,0.0015425371238961816,1,production realized manifold deviation exceeds the dynamics-validity bound
1.7755267315078527,3,0.0015425371238961816,0.25008480394654442,0.03387761116027832,14648,0.003489494752058995,0,1,1,0,1,0.0015415512025356293,1,production realized manifold deviation exceeds the dynamics-validity bound
1.7755267315078527,4,0.0015415512025356293,0.25001952433775898,0.033857464790344238,14648,0.0034894947888439434,0,1,1,0,1,0.0015413241926580667,1,production realized manifold deviation exceeds the dynamics-validity bound
1.7755267315078527,5,0.0015413241926580667,0.2500042936985396,0.033857464790344238,14648,0.00348949479727947,0,1,1,0,1,0.0015412741340696812,1,production realized manifold deviation exceeds the dynamics-validity bound
1.7755267315078527,6,0.0015412741340696812,0.25000084647694365,0.033858358860015869,14648,0.0034894947991571364,0,1,1,0,1,0.0015412641223520041,1,production realized manifold deviation exceeds the dynamics-validity bound
1.7755267315078527,7,0.0015412641223520041,0.25000040454390327,0.033858656883239746,14648,0.0034894947995457132,0,1,1,0,1,0.0015412593493238091,1,production realized manifold deviation exceeds the dynamics-validity bound
1.7755267315078527,8,0.0015412593493238091,0.25000006700493871,0.033858776092529297,14648,0.0034894947997543431,0,1,1,0,1,0.0015412584180012345,1,production realized manifold deviation exceeds the dynamics-validity bound
1.7803605218650773,0,0.0016462659696117043,0.26444839696019762,0.034400463104248047,17601,0.0050954821901428964,0,1,1,0,1,0.0015019037527963519,1,production realized manifold deviation exceeds the dynamics-validity bound
1.7803605218650773,1,0.0015019037527963519,0.25250780026391029,0.033637821674346924,17601,0.0050954523422064284,0,1,1,0,1,0.0014772579306736588,1,production realized manifold deviation exceeds the dynamics-validity bound
1.7803605218650773,2,0.0014772579306736588,0.25052833557128906,0.033483505249023438,17601,0.0050954472339208093,0,1,1,0,1,0.0014720837352797389,1,production realized manifold deviation exceeds the dynamics-validity bound
1.7803605218650773,3,0.0014720837352797389,0.25011166496494774,0.033455610275268555,17601,0.0050954461610868288,0,1,1,0,1,0.0014709908282384276,1,production realized manifold deviation exceeds the dynamics-validity bound
1.7803605218650773,4,0.0014709908282384276,0.2500227689743042,0.033431053161621094,17601,0.0050954459344785367,0,1,1,0,1,0.0014707678928971291,1,production realized manifold deviation exceeds the dynamics-validity bound
1.7803605218650773,5,0.0014707678928971291,0.25000445932970727,0.033434867858886719,17601,0.0050954458883010704,0,1,1,0,1,0.0014707241207361221,1,production realized manifold deviation exceeds the dynamics-validity bound
1.7803605218650773,6,0.0014707241207361221,0.25000087705137308,0.033435821533203125,17601,0.0050954458792385618,0,1,1,0,1,0.0014707153895869851,1,production realized manifold deviation exceeds the dynamics-validity bound
1.7803605218650773,7,0.0014707153895869851,0.25000018164850935,0.033435463905334473,17601,0.0050954458773908359,0,1,1,0,1,0.0014707135269418359,1,production realized manifold deviation exceeds the dynamics-validity bound
1.7803605218650773,8,0.0014707135269418359,0.2500000987007851,0.033435463905334473,17601,0.0050954458769971083,0,1,1,0,1,0.0014707124792039394,1,production realized manifold deviation exceeds the dynamics-validity bound
1.7850952839944512,0,0.0016462659696117043,0.26922965049743652,0.03439939022064209,19633,0.0065950305189428132,0,1,1,0,1,0.0014516584342345595,1,production realized manifold deviation exceeds the dynamics-validity bound
1.7850952839944512,1,0.0014516584342345595,0.25330483913421631,0.033732891082763672,19633,0.0065950536494041321,0,1,1,0,1,0.0014189659850671887,1,production realized manifold deviation exceeds the dynamics-validity bound
1.7850952839944512,2,0.0014189659850671887,0.25060639204044288,0.033601880073547363,19633,0.0065950575442504239,0,1,1,0,1,0.0014129924820736051,1,production realized manifold deviation exceeds the dynamics-validity bound
1.7850952839944512,3,0.0014129924820736051,0.25011341339595505,0.033561766147613525,19633,0.0065950582562394541,0,1,1,0,1,0.0014118760591372848,1,production realized manifold deviation exceeds the dynamics-validity bound
1.7850952839944512,4,0.0014118760591372848,0.25002121925354004,0.033550500869750977,19633,0.0065950583893537229,0,1,1,0,1,0.0014116670936346054,1,production realized manifold deviation exceeds the dynamics-validity bound
1.7850952839944512,5,0.0014116670936346054,0.25000381469726562,0.033556342124938965,19633,0.00659505841422046,0,1,1,0,1,0.0014116294914856553,1,production realized manifold deviation exceeds the dynamics-validity bound
1.7850952839944512,6,0.0014116294914856553,0.2500007152557373,0.033555328845977783,19633,0.006595058418682004,0,1,1,0,1,0.001411622273735702,1,production realized manifold deviation exceeds the dynamics-validity bound
1.7850952839944512,7,0.001411622273735702,0.25000011920928955,0.033555567264556885,19633,0.0065950584195619442,0,1,1,0,1,0.0014116209931671619,1,production realized manifold deviation exceeds the dynamics-validity bound
1.7897059540264308,0,0.0016462659696117043,0.26950371265411377,0.035861968994140625,21607,0.0076389595394916717,0,1,1,0,1,0.0014425180852413177,1,production realized manifold deviation exceeds the dynamics-validity bound
1.7897059540264308,1,0.0014425180852413177,0.25342478868319973,0.03572237491607666,21607,0.0076389055437523544,0,1,1,0,1,0.0014076064107939601,1,production realized manifold deviation exceeds the dynamics-validity bound
1.7897059540264308,2,0.0014076064107939601,0.25057971263936807,0.035772442817687988,21607,0.0076388962588480229,0,1,1,0,1,0.0014017214998602867,1,production realized manifold deviation exceeds the dynamics-validity bound
1.7897059540264308,3,0.0014017214998602867,0.25009739398956299,0.035785555839538574,21607,0.007638894692676034,0,1,1,0,1,0.0014007333666086197,1,production realized manifold deviation exceeds the dynamics-validity bound
1.7897059540264308,4,0.0014007333666086197,0.25001645088195801,0.035790026187896729,21607,0.0076388944296424763,0,1,1,0,1,0.0014005664270371199,1,production realized manifold deviation exceeds the dynamics-validity bound
1.7897059540264308,5,0.0014005664270371199,0.25000274181365967,0.03579401969909668,21607,0.0076388943852191962,0,1,1,0,1,0.0014005383709445596,1,production realized manifold deviation exceeds the dynamics-validity bound
1.7897059540264308,6,0.0014005383709445596,0.2500004768371582,0.035794615745544434,21607,0.0076388943777414998,0,1,1,0,1,0.001400533365085721,1,production realized manifold deviation exceeds the dynamics-validity bound
1.7942933400627226,0,0.0016462659696117043,0.26349222660064697,0.037823796272277832,23507,0.0080045313784669822,0,1,1,0,1,0.0015049787471070886,1,production realized manifold deviation exceeds the dynamics-validity bound
1.7942933400627226,1,0.0015049787471070886,0.25236095786894586,0.037960171699523926,23507,0.0080045419087134088,0,1,1,0,1,0.001480654813349247,1,production realized manifold deviation exceeds the dynamics-validity bound
1.7942933400627226,2,0.001480654813349247,0.25040115339183799,0.038039624691009521,23507,0.0080045437245003914,0,1,1,0,1,0.001476533361710608,1,production realized manifold deviation exceeds the dynamics-validity bound
1.7942933400627226,3,0.001476533361710608,0.25006783008575439,0.038082003593444824,23507,0.0080045440322256082,0,1,1,0,1,0.0014758367324247956,1,production realized manifold deviation exceeds the dynamics-validity bound
1.7942933400627226,4,0.0014758367324247956,0.25001144409179688,0.03808283805847168,23507,0.0080045440842369964,0,1,1,0,1,0.0014757191529497504,1,production realized manifold deviation exceeds the dynamics-validity bound
1.7942933400627226,5,0.0014757191529497504,0.25000202655792236,0.038083314895629883,23507,0.00800454409301995,0,1,1,0,1,0.0014756983146071434,1,production realized manifold deviation exceeds the dynamics-validity bound
1.7942933400627226,6,0.0014756983146071434,0.2500004768371582,0.038083434104919434,23507,0.0080045440946199722,0,1,1,0,1,0.0014756933087483048,1,production realized manifold deviation exceeds the dynamics-validity bound
1.7990385619923472,0,0.0016462659696117043,0.27140939235687256,0.037867546081542969,24632,0.0069952986435852793,0,1,1,0,1,0.0014119853731244802,1,production realized manifold deviation exceeds the dynamics-validity bound
1.7990385619923472,1,0.0014119853731244802,0.25490260124206543,0.038739919662475586,24632,0.0069952272210003288,0,1,1,0,1,0.001360300462692976,1,production realized manifold deviation exceeds the dynamics-validity bound
1.7990385619923472,2,0.001360300462692976,0.25099374869641022,0.039112865924835205,24632,0.0069952113999739995,0,1,1,0,1,0.0013499039923772216,1,production realized manifold deviation exceeds the dynamics-validity bound
1.7990385619923472,3,0.0013499039923772216,0.25019967555999756,0.03921806812286377,24632,0.0069952082147608091,0,1,1,0,1,0.0013478181790560484,1,production realized manifold deviation exceeds the dynamics-validity bound
1.7990385619923472,4,0.0013478181790560484,0.25003994997274126,0.039239466190338135,24632,0.0069952075755453013,0,1,1,0,1,0.0013474009465426207,1,production realized manifold deviation exceeds the dynamics-validity bound
1.7990385619923472,5,0.0013474009465426207,0.25000810623168945,0.039240241050720215,24632,0.0069952074477406751,0,1,1,0,1,0.0013473161961883307,1,production realized manifold deviation exceeds the dynamics-validity bound
1.7990385619923472,6,0.0013473161961883307,0.25000144627984322,0.039242148399353027,24632,0.0069952074218045408,0,1,1,0,1,0.0013473009457811713,1,production realized manifold deviation exceeds the dynamics-validity bound
1.7990385619923472,7,0.0013473009457811713,0.25000035762786865,0.039242386817932129,24632,0.0069952074170763195,0,1,1,0,1,0.001347297104075551,1,production realized manifold deviation exceeds the dynamics-validity bound
1.8034981152741238,0,0.0016462659696117043,0.26897025482237691,0.041847586631774902,27047,0.010185618000365791,0,1,1,0,1,0.0014487926382571459,1,production realized manifold deviation exceeds the dynamics-validity bound
1.8034981152741238,1,0.0014487926382571459,0.25360000947699302,0.043079137802124023,27047,0.010185662860710643,0,1,1,0,1,0.001412262674421072,1,production realized manifold deviation exceeds the dynamics-validity bound
1.8034981152741238,2,0.001412262674421072,0.25065743923187256,0.043339192867279053,27047,0.010185671184883069,0,1,1,0,1,0.001405622810125351,1,production realized manifold deviation exceeds the dynamics-validity bound
1.8034981152741238,3,0.001405622810125351,0.25011924347439596,0.043404817581176758,27047,0.010185672698798134,0,1,1,0,1,0.0014044194249436259,1,production realized manifold deviation exceeds the dynamics-validity bound
1.8034981152741238,4,0.0014044194249436259,0.25002133744503219,0.043422579765319824,27047,0.010185672973099797,0,1,1,0,1,0.0014042040565982461,1,production realized manifold deviation exceeds the dynamics-validity bound
1.8034981152741238,5,0.0014042040565982461,0.25000398147601932,0.043422341346740723,27047,0.010185673022291277,0,1,1,0,1,0.001404163776896894,1,production realized manifold deviation exceeds the dynamics-validity bound
1.8034981152741238,6,0.001404163776896894,0.2500007932710846,0.043422698974609375,27047,0.010185673031461078,0,1,1,0,1,0.0014041556278243661,1,production realized manifold deviation exceeds the dynamics-validity bound
1.8034981152741238,7,0.0014041556278243661,0.2500001359856141,0.043422877788543701,27047,0.010185673033371154,0,1,1,0,1,0.0014041541144251823,1,production realized manifold deviation exceeds the dynamics-validity bound
1.8080931048607454,0,0.0016462659696117043,0.26510560512542725,0.044485211372375488,28586,0.0086255048667046186,0,1,1,0,1,0.0014788530534133315,1,production realized manifold deviation exceeds the dynamics-validity bound
1.8080931048607454,1,0.0014788530534133315,0.25394070148468018,0.045557975769042969,28586,0.0086254461801052885,0,1,1,0,1,0.0014364316593855619,1,production realized manifold deviation exceeds the dynamics-validity bound
1.8080931048607454,2,0.0014364316593855619,0.25084175246741869,0.045839190483093262,28586,0.0086254312608252011,0,1,1,0,1,0.0014274269342422485,1,production realized manifold deviation exceeds the dynamics-validity bound
1.8080931048607454,3,0.0014274269342422485,0.25017869472503662,0.045930743217468262,28586,0.00862542809149296,0,1,1,0,1,0.0014255177229642868,1,production realized manifold deviation exceeds the dynamics-validity bound
1.8080931048607454,4,0.0014255177229642868,0.2500375509262085,0.045953869819641113,28586,0.0086254274193535534,0,1,1,0,1,0.0014251165557652712,1,production realized manifold deviation exceeds the dynamics-validity bound
1.8080931048607454,5,0.0014251165557652712,0.25000791459803451,0.045954048633575439,28586,0.008625427278095895,0,1,1,0,1,0.001425031921826303,1,production realized manifold deviation exceeds the dynamics-validity bound
1.8080931048607454,6,0.001425031921826303,0.25000155135278268,0.045955181121826172,28586,0.0086254272482815583,0,1,1,0,1,0.0014250152744352818,1,production realized manifold deviation exceeds the dynamics-validity bound
1.8080931048607454,7,0.0014250152744352818,0.2500004768371582,0.045955061912536621,28586,0.0086254272424553611,0,1,1,0,1,0.0014250100357457995,1,production realized manifold deviation exceeds the dynamics-validity bound
1.8127318918704987,0,0.0016462659696117043,0.26675385355469028,0.04634624719619751,30015,0.0090215286678734814,0,1,1,0,1,0.001458860351704061,1,production realized manifold deviation exceeds the dynamics-validity bound
1.8127318918704987,1,0.001458860351704061,0.2533951997756958,0.047629117965698242,30015,0.0090215701026193831,0,1,1,0,1,0.0014218457508832216,1,production realized manifold deviation exceeds the dynamics-validity bound
1.8127318918704987,2,0.0014218457508832216,0.25081821383583369,0.04797440767288208,30015,0.0090215783106736818,0,1,1,0,1,0.001412981073372066,1,production realized manifold deviation exceeds the dynamics-validity bound
1.8127318918704987,3,0.001412981073372066,0.25019561439925164,0.048077106475830078,30015,0.0090215802776281006,0,1,1,0,1,0.001410864875651896,1,production realized manifold deviation exceeds the dynamics-validity bound
1.8127318918704987,4,0.001410864875651896,0.2500466338156988,0.048073291778564453,30015,0.0090215807472732237,0,1,1,0,1,0.0014103604480624199,1,production realized manifold deviation exceeds the dynamics-validity bound
1.8127318918704987,5,0.0014103604480624199,0.25001120567321777,0.048071146011352539,30015,0.0090215808591698234,0,1,1,0,1,0.0014102391432970762,1,production realized manifold deviation exceeds the dynamics-validity bound
1.8127318918704987,6,0.0014102391432970762,0.25000250621531506,0.048072278499603271,30015,0.00902158088610471,0,1,1,0,1,0.0014102119021117687,1,production realized manifold deviation exceeds the dynamics-validity bound
1.8127318918704987,7,0.0014102119021117687,0.25000059604644775,0.048072099685668945,30015,0.0090215808922006584,0,1,1,0,1,0.0014102053828537464,1,production realized manifold deviation exceeds the dynamics-validity bound
1.8127318918704987,8,0.0014102053828537464,0.25000035762786865,0.048072099685668945,30015,0.0090215808936473223,0,1,1,0,1,0.0014102014247328043,1,production realized manifold deviation exceeds the dynamics-validity bound
1.8127318918704987,9,0.0014102014247328043,0.25000011920928955,0.048072099685668945,30015,0.0090215808945155115,0,1,1,0,1,0.0014101999113336205,1,production realized manifold deviation exceeds the dynamics-validity bound
1.8173395777121186,0,0.0016462659696117043,0.26381727970987434,0.048510313034057617,31764,0.0099454069262320654,0,1,1,0,1,0.0014938813401386142,1,production realized manifold deviation exceeds the dynamics-validity bound
1.8173395777121186,1,0.0014938813401386142,0.25362396240234375,0.049644231796264648,31764,0.0099453422823414777,0,1,1,0,1,0.0014549556653946638,1,production realized manifold deviation exceeds the dynamics-validity bound
1.8173395777121186,2,0.0014549556653946638,0.25091814994812012,0.049991905689239502,31764,0.009945325714062184,0,1,1,0,1,0.0014451598981395364,1,production realized manifold deviation exceeds the dynamics-validity bound
1.8173395777121186,3,0.0014451598981395364,0.25023078918457031,0.050055742263793945,31764,0.0099453215412116155,0,1,1,0,1,0.0014427017886191607,1,production realized manifold deviation exceeds the dynamics-validity bound
1.8173395777121186,4,0.0014427017886191607,0.25005781650543213,0.050078630447387695,31764,0.0099453204938451945,0,1,1,0,1,0.001442086067982018,1,production realized manifold deviation exceeds the dynamics-validity bound
1.8173395777121186,5,0.001442086067982018,0.25001430511474609,0.050083518028259277,31764,0.0099453202314641834,0,1,1,0,1,0.0014419336803257465,1,production realized manifold deviation exceeds the dynamics-validity bound
1.8173395777121186,6,0.0014419336803257465,0.25000357627868652,0.050085663795471191,31764,0.0099453201665006957,0,1,1,0,1,0.0014418956125155091,1,production realized manifold deviation exceeds the dynamics-validity bound
1.8173395777121186,7,0.0014418956125155091,0.25000095884633988,0.050086259841918945,31764,0.0099453201502560928,0,1,1,0,1,0.0014418852515518665,1,production realized manifold deviation exceeds the dynamics-validity bound
1.8173395777121186,8,0.0014418852515518665,0.25000022232193886,0.050086379051208496,31764,0.0099453201458803639,0,1,1,0,1,0.0014418828068301082,1,production realized manifold deviation exceeds the dynamics-validity bound
1.8173395777121186,9,0.0014418828068301082,0.25000000075907813,0.050086379051208496,31764,0.0099453201448461721,0,1,1,0,1,0.0014418826904147863,1,production realized manifold deviation exceeds the dynamics-validity bound
1.8220106553053483,0,0.0016462659696117043,0.26833655142252133,0.049295186996459961,32853,0.0091337535113435054,0,1,1,0,1,0.0014312267303466797,1,production realized manifold deviation exceeds the dynamics-validity bound
1.8220106553053483,1,0.0014312267303466797,0.25491919291214793,0.050847530364990234,32853,0.0091338393915745466,0,1,1,0,1,0.0013757727574557066,1,production realized manifold deviation exceeds the dynamics-validity bound
1.8220106553053483,2,0.0013757727574557066,0.2512519359588623,0.051311850547790527,32853,0.0091338616214256072,0,1,1,0,1,0.0013618030352517962,1,production realized manifold deviation exceeds the dynamics-validity bound
1.8220106553053483,3,0.0013618030352517962,0.25031399726867676,0.051462054252624512,32853,0.0091338672269744292,0,1,1,0,1,0.0013583081308752298,1,production realized manifold deviation exceeds the dynamics-validity bound
1.8220106553053483,4,0.0013583081308752298,0.25007855892181396,0.051485002040863037,32853,0.0091338686296664941,0,1,1,0,1,0.001357434201054275,1,production realized manifold deviation exceeds the dynamics-validity bound
1.8220106553053483,5,0.001357434201054275,0.25001978874206543,0.051492571830749512,32853,0.0091338689803650615,0,1,1,0,1,0.0013572140596807003,1,production realized manifold deviation exceeds the dynamics-validity bound
1.8220106553053483,6,0.0013572140596807003,0.2500045981888368,0.051491439342498779,32853,0.0091338690688454217,0,1,1,0,1,0.0013571628369390965,1,production realized manifold deviation exceeds the dynamics-validity bound
1.8220106553053483,7,0.0013571628369390965,0.25000143051147461,0.051492035388946533,32853,0.0091338690892186492,0,1,1,0,1,0.0013571468880400062,1,production realized manifold deviation exceeds the dynamics-validity bound
1.8220106553053483,8,0.0013571468880400062,0.2500002384185791,0.051492393016815186,32853,0.0091338690958241049,0,1,1,0,1,0.0013571442104876041,1,production realized manifold deviation exceeds the dynamics-validity bound
1.8220106553053483,9,0.0013571442104876041,0.25000011920928955,0.051492393016815186,32853,0.0091338690968503604,0,1,1,0,1,0.0013571428135037422,1,production realized manifold deviation exceeds the dynamics-validity bound
1.8264868019614369,0,0.0016462659696117043,0.2649557163106635,0.053090095520019531,34795,0.011976758988961719,0,1,1,0,1,0.0014961098786443472,1,production realized manifold deviation exceeds the dynamics-validity bound
1.8264868019614369,1,0.0014961098786443472,0.25284802913665771,0.05424654483795166,34795,0.011976680462099112,0,1,1,0,1,0.001468051690608263,1,production realized manifold deviation exceeds the dynamics-validity bound
1.8264868019614369,2,0.001468051690608263,0.25052574524133364,0.054490804672241211,34795,0.011976665741025797,0,1,1,0,1,0.001462890300899744,1,production realized manifold deviation exceeds the dynamics-validity bound
1.8264868019614369,3,0.001462890300899744,0.25009649936261402,0.054547905921936035,34795,0.011976663031313128,0,1,1,0,1,0.0014619434950873256,1,production realized manifold deviation exceeds the dynamics-validity bound
1.8264868019614369,4,0.0014619434950873256,0.25001776218414307,0.054551601409912109,34795,0.011976662534122769,0,1,1,0,1,0.0014617691049352288,1,production realized manifold deviation exceeds the dynamics-validity bound
1.8264868019614369,5,0.0014617691049352288,0.25000324801539686,0.054553985595703125,34795,0.011976662442712279,0,1,1,0,1,0.0014617370907217264,1,production realized manifold deviation exceeds the dynamics-validity bound
1.8264868019614369,6,0.0014617370907217264,0.25000064386896281,0.054554462432861328,34795,0.011976662425889902,0,1,1,0,1,0.0014617306878790259,1,production realized manifold deviation exceeds the dynamics-validity bound
1.8264868019614369,7,0.0014617306878790259,0.25000003031479356,0.054554581642150879,34795,0.011976662422415707,0,1,1,0,1,0.0014617302222177386,1,production realized manifold deviation exceeds the dynamics-validity bound
