scope,source,case_record_sha256,owner_identity,stage,phase,raw_iteration_tag,iteration,trace_index,axis,face,column_z,side,provisional_momentum_kg_m-2_s-1,projected_velocity_m_s-1,projected_momentum_kg_m-2_s-1,shared_alpha,delta_reference_trace_index,delta_previous_provisional_momentum_kg_m-2_s-1,delta_previous_projected_velocity_m_s-1,delta_previous_projected_momentum_kg_m-2_s-1,local_convergence_enclosure
diagnostic_only,r207_synthetic_fixture_no_physics_claim,e5f8136c3ef7f5c05b19f06194bb4793c6a60975d041e3f9408dfe6b70961486,10314193078439912693,R0,bootstrap,4294967295,0,0,0,12,0,0,0,0,0,unavailable,unavailable,unavailable,unavailable,unavailable,unavailable
diagnostic_only,r207_synthetic_fixture_no_physics_claim,e5f8136c3ef7f5c05b19f06194bb4793c6a60975d041e3f9408dfe6b70961486,10314193078439912693,R0,bootstrap,4294967295,0,0,1,10,0,0,0,0,0,unavailable,unavailable,unavailable,unavailable,unavailable,unavailable
diagnostic_only,r207_synthetic_fixture_no_physics_claim,e5f8136c3ef7f5c05b19f06194bb4793c6a60975d041e3f9408dfe6b70961486,10314193078439912693,R0,bootstrap,4294967295,0,0,0,13,0,1,0,0,0,unavailable,unavailable,unavailable,unavailable,unavailable,unavailable
diagnostic_only,r207_synthetic_fixture_no_physics_claim,e5f8136c3ef7f5c05b19f06194bb4793c6a60975d041e3f9408dfe6b70961486,10314193078439912693,R0,bootstrap,4294967295,0,0,1,14,0,1,0,0,0,unavailable,unavailable,unavailable,unavailable,unavailable,unavailable
diagnostic_only,r207_synthetic_fixture_no_physics_claim,e5f8136c3ef7f5c05b19f06194bb4793c6a60975d041e3f9408dfe6b70961486,10314193078439912693,R0,bootstrap,4294967295,0,0,0,32,1,0,0,0,0,unavailable,unavailable,unavailable,unavailable,unavailable,unavailable
diagnostic_only,r207_synthetic_fixture_no_physics_claim,e5f8136c3ef7f5c05b19f06194bb4793c6a60975d041e3f9408dfe6b70961486,10314193078439912693,R0,bootstrap,4294967295,0,0,1,30,1,0,0,0,0,unavailable,unavailable,unavailable,unavailable,unavailable,unavailable
diagnostic_only,r207_synthetic_fixture_no_physics_claim,e5f8136c3ef7f5c05b19f06194bb4793c6a60975d041e3f9408dfe6b70961486,10314193078439912693,R0,bootstrap,4294967295,0,0,0,33,1,1,0,0,0,unavailable,unavailable,unavailable,unavailable,unavailable,unavailable
diagnostic_only,r207_synthetic_fixture_no_physics_claim,e5f8136c3ef7f5c05b19f06194bb4793c6a60975d041e3f9408dfe6b70961486,10314193078439912693,R0,bootstrap,4294967295,0,0,1,34,1,1,0,0,0,unavailable,unavailable,unavailable,unavailable,unavailable,unavailable
diagnostic_only,r207_synthetic_fixture_no_physics_claim,e5f8136c3ef7f5c05b19f06194bb4793c6a60975d041e3f9408dfe6b70961486,10314193078439912693,R0,bootstrap,4294967295,0,0,0,52,2,0,0,0,0,unavailable,unavailable,unavailable,unavailable,unavailable,unavailable
diagnostic_only,r207_synthetic_fixture_no_physics_claim,e5f8136c3ef7f5c05b19f06194bb4793c6a60975d041e3f9408dfe6b70961486,10314193078439912693,R0,bootstrap,4294967295,0,0,1,50,2,0,0,0,0,unavailable,unavailable,unavailable,unavailable,unavailable,unavailable
diagnostic_only,r207_synthetic_fixture_no_physics_claim,e5f8136c3ef7f5c05b19f06194bb4793c6a60975d041e3f9408dfe6b70961486,10314193078439912693,R0,bootstrap,4294967295,0,0,0,53,2,1,0,0,0,unavailable,unavailable,unavailable,unavailable,unavailable,unavailable
diagnostic_only,r207_synthetic_fixture_no_physics_claim,e5f8136c3ef7f5c05b19f06194bb4793c6a60975d041e3f9408dfe6b70961486,10314193078439912693,R0,bootstrap,4294967295,0,0,1,54,2,1,0,0,0,unavailable,unavailable,unavailable,unavailable,unavailable,unavailable
diagnostic_only,r207_synthetic_fixture_no_physics_claim,e5f8136c3ef7f5c05b19f06194bb4793c6a60975d041e3f9408dfe6b70961486,10314193078439912693,R0,bootstrap,4294967295,0,0,0,72,3,0,0,0,0,unavailable,unavailable,unavailable,unavailable,unavailable,unavailable
diagnostic_only,r207_synthetic_fixture_no_physics_claim,e5f8136c3ef7f5c05b19f06194bb4793c6a60975d041e3f9408dfe6b70961486,10314193078439912693,R0,bootstrap,4294967295,0,0,1,70,3,0,0,0,0,unavailable,unavailable,unavailable,unavailable,unavailable,unavailable
diagnostic_only,r207_synthetic_fixture_no_physics_claim,e5f8136c3ef7f5c05b19f06194bb4793c6a60975d041e3f9408dfe6b70961486,10314193078439912693,R0,bootstrap,4294967295,0,0,0,73,3,1,0,0,0,unavailable,unavailable,unavailable,unavailable,unavailable,unavailable
diagnostic_only,r207_synthetic_fixture_no_physics_claim,e5f8136c3ef7f5c05b19f06194bb4793c6a60975d041e3f9408dfe6b70961486,10314193078439912693,R0,bootstrap,4294967295,0,0,1,74,3,1,0,0,0,unavailable,unavailable,unavailable,unavailable,unavailable,unavailable
diagnostic_only,r207_synthetic_fixture_no_physics_claim,e5f8136c3ef7f5c05b19f06194bb4793c6a60975d041e3f9408dfe6b70961486,10314193078439912693,R0,bootstrap,4294967295,0,0,2,10,0,0,0,0,0,unavailable,unavailable,unavailable,unavailable,unavailable,unavailable
diagnostic_only,r207_synthetic_fixture_no_physics_claim,e5f8136c3ef7f5c05b19f06194bb4793c6a60975d041e3f9408dfe6b70961486,10314193078439912693,R0,bootstrap,4294967295,0,0,2,26,1,0,0,0,0,unavailable,unavailable,unavailable,unavailable,unavailable,unavailable
diagnostic_only,r207_synthetic_fixture_no_physics_claim,e5f8136c3ef7f5c05b19f06194bb4793c6a60975d041e3f9408dfe6b70961486,10314193078439912693,R0,bootstrap,4294967295,0,0,2,42,2,0,0,0,0,unavailable,unavailable,unavailable,unavailable,unavailable,unavailable
diagnostic_only,r207_synthetic_fixture_no_physics_claim,e5f8136c3ef7f5c05b19f06194bb4793c6a60975d041e3f9408dfe6b70961486,10314193078439912693,R0,bootstrap,4294967295,0,0,2,58,3,0,0,0,0,unavailable,unavailable,unavailable,unavailable,unavailable,unavailable
diagnostic_only,r207_synthetic_fixture_no_physics_claim,e5f8136c3ef7f5c05b19f06194bb4793c6a60975d041e3f9408dfe6b70961486,10314193078439912693,R0,bootstrap,4294967295,0,0,2,74,4,0,0,0,0,unavailable,unavailable,unavailable,unavailable,unavailable,unavailable
diagnostic_only,r207_synthetic_fixture_no_physics_claim,e5f8136c3ef7f5c05b19f06194bb4793c6a60975d041e3f9408dfe6b70961486,10314193078439912693,R0,picard,0,1,1,0,12,0,0,0,-0.0044063837267458439,-0.002863338915631175,1,0,0,-0.0044063837267458439,-0.002863338915631175,unavailable
diagnostic_only,r207_synthetic_fixture_no_physics_claim,e5f8136c3ef7f5c05b19f06194bb4793c6a60975d041e3f9408dfe6b70961486,10314193078439912693,R0,picard,0,1,1,1,10,0,0,0,-0.0089980605989694595,-0.0032242706511169672,1,0,0,-0.0089980605989694595,-0.0032242706511169672,unavailable
diagnostic_only,r207_synthetic_fixture_no_physics_claim,e5f8136c3ef7f5c05b19f06194bb4793c6a60975d041e3f9408dfe6b70961486,10314193078439912693,R0,picard,0,1,1,0,13,0,1,0,0.0063255741260945797,0.0026884621474891901,1,0,0,0.0063255741260945797,0.0026884621474891901,unavailable
diagnostic_only,r207_synthetic_fixture_no_physics_claim,e5f8136c3ef7f5c05b19f06194bb4793c6a60975d041e3f9408dfe6b70961486,10314193078439912693,R0,picard,0,1,1,1,14,0,1,0,0.01427412498742342,0.0051446398720145226,1,0,0,0.01427412498742342,0.0051446398720145226,unavailable
diagnostic_only,r207_synthetic_fixture_no_physics_claim,e5f8136c3ef7f5c05b19f06194bb4793c6a60975d041e3f9408dfe6b70961486,10314193078439912693,R0,picard,0,1,1,0,32,1,0,0,-0.00029557361267507076,-0.00019151775632053614,1,0,0,-0.00029557361267507076,-0.00019151775632053614,unavailable
diagnostic_only,r207_synthetic_fixture_no_physics_claim,e5f8136c3ef7f5c05b19f06194bb4793c6a60975d041e3f9408dfe6b70961486,10314193078439912693,R0,picard,0,1,1,1,30,1,0,0,-0.003061345312744379,-0.0011104467557743192,1,0,0,-0.003061345312744379,-0.0011104467557743192,unavailable
diagnostic_only,r207_synthetic_fixture_no_physics_claim,e5f8136c3ef7f5c05b19f06194bb4793c6a60975d041e3f9408dfe6b70961486,10314193078439912693,R0,picard,0,1,1,0,33,1,1,0,0.0059108119457960129,0.0025430941022932529,1,0,0,0.0059108119457960129,0.0025430941022932529,unavailable
diagnostic_only,r207_synthetic_fixture_no_physics_claim,e5f8136c3ef7f5c05b19f06194bb4793c6a60975d041e3f9408dfe6b70961486,10314193078439912693,R0,picard,0,1,1,1,34,1,1,0,0.0095910578966140747,0.0034723062999546528,1,0,0,0.0095910578966140747,0.0034723062999546528,unavailable
diagnostic_only,r207_synthetic_fixture_no_physics_claim,e5f8136c3ef7f5c05b19f06194bb4793c6a60975d041e3f9408dfe6b70961486,10314193078439912693,R0,picard,0,1,1,0,52,2,0,0,-0.003896757960319519,-0.0025321757420897484,1,0,0,-0.003896757960319519,-0.0025321757420897484,unavailable
diagnostic_only,r207_synthetic_fixture_no_physics_claim,e5f8136c3ef7f5c05b19f06194bb4793c6a60975d041e3f9408dfe6b70961486,10314193078439912693,R0,picard,0,1,1,1,50,2,0,0,-0.010139842517673969,-0.0036334048490971327,1,0,0,-0.010139842517673969,-0.0036334048490971327,unavailable
diagnostic_only,r207_synthetic_fixture_no_physics_claim,e5f8136c3ef7f5c05b19f06194bb4793c6a60975d041e3f9408dfe6b70961486,10314193078439912693,R0,picard,0,1,1,0,53,2,1,0,0.0084314364939928055,0.0035834847949445248,1,0,0,0.0084314364939928055,0.0035834847949445248,unavailable
diagnostic_only,r207_synthetic_fixture_no_physics_claim,e5f8136c3ef7f5c05b19f06194bb4793c6a60975d041e3f9408dfe6b70961486,10314193078439912693,R0,picard,0,1,1,1,54,2,1,0,0.017172502353787422,0.0061892648227512836,1,0,0,0.017172502353787422,0.0061892648227512836,unavailable
diagnostic_only,r207_synthetic_fixture_no_physics_claim,e5f8136c3ef7f5c05b19f06194bb4793c6a60975d041e3f9408dfe6b70961486,10314193078439912693,R0,picard,0,1,1,0,72,3,0,0,-0.0002756203175522387,-0.00017858896171674132,1,0,0,-0.0002756203175522387,-0.00017858896171674132,unavailable
diagnostic_only,r207_synthetic_fixture_no_physics_claim,e5f8136c3ef7f5c05b19f06194bb4793c6a60975d041e3f9408dfe6b70961486,10314193078439912693,R0,picard,0,1,1,1,70,3,0,0,-0.0012001534923911095,-0.0004353336407802999,1,0,0,-0.0012001534923911095,-0.0004353336407802999,unavailable
diagnostic_only,r207_synthetic_fixture_no_physics_claim,e5f8136c3ef7f5c05b19f06194bb4793c6a60975d041e3f9408dfe6b70961486,10314193078439912693,R0,picard,0,1,1,0,73,3,1,0,0.0037418582942336798,0.001609913888387382,1,0,0,0.0037418582942336798,0.001609913888387382,unavailable
diagnostic_only,r207_synthetic_fixture_no_physics_claim,e5f8136c3ef7f5c05b19f06194bb4793c6a60975d041e3f9408dfe6b70961486,10314193078439912693,R0,picard,0,1,1,1,74,3,1,0,0.0055036665871739388,0.0019925243686884642,1,0,0,0.0055036665871739388,0.0019925243686884642,unavailable
diagnostic_only,r207_synthetic_fixture_no_physics_claim,e5f8136c3ef7f5c05b19f06194bb4793c6a60975d041e3f9408dfe6b70961486,10314193078439912693,R0,picard,0,1,1,2,10,0,0,0,-0.019722271710634232,-0.014693501405417919,1,0,0,-0.019722271710634232,-0.014693501405417919,unavailable
diagnostic_only,r207_synthetic_fixture_no_physics_claim,e5f8136c3ef7f5c05b19f06194bb4793c6a60975d041e3f9408dfe6b70961486,10314193078439912693,R0,picard,0,1,1,2,26,1,0,0,0.0016483475919812918,0.0008127349428832531,1,0,0,0.0016483475919812918,0.0008127349428832531,unavailable
diagnostic_only,r207_synthetic_fixture_no_physics_claim,e5f8136c3ef7f5c05b19f06194bb4793c6a60975d041e3f9408dfe6b70961486,10314193078439912693,R0,picard,0,1,1,2,42,2,0,0,-0.0054650800302624702,-0.0026946146972477436,1,0,0,-0.0054650800302624702,-0.0026946146972477436,unavailable
diagnostic_only,r207_synthetic_fixture_no_physics_claim,e5f8136c3ef7f5c05b19f06194bb4793c6a60975d041e3f9408dfe6b70961486,10314193078439912693,R0,picard,0,1,1,2,58,3,0,0,0.01022196002304554,0.0050400439649820328,1,0,0,0.01022196002304554,0.0050400439649820328,unavailable
diagnostic_only,r207_synthetic_fixture_no_physics_claim,e5f8136c3ef7f5c05b19f06194bb4793c6a60975d041e3f9408dfe6b70961486,10314193078439912693,R0,picard,0,1,1,2,74,4,0,0,0.011198834516108036,0.00837717205286026,1,0,0,0.011198834516108036,0.00837717205286026,unavailable
diagnostic_only,r207_synthetic_fixture_no_physics_claim,e5f8136c3ef7f5c05b19f06194bb4793c6a60975d041e3f9408dfe6b70961486,10314193078439912693,R0,picard,1,2,2,0,12,0,0,0,-0.0044063837267458439,-0.002863338915631175,1,1,0,0,0,unavailable
diagnostic_only,r207_synthetic_fixture_no_physics_claim,e5f8136c3ef7f5c05b19f06194bb4793c6a60975d041e3f9408dfe6b70961486,10314193078439912693,R0,picard,1,2,2,1,10,0,0,0,-0.0089980605989694595,-0.0032242706511169672,1,1,0,0,0,unavailable
diagnostic_only,r207_synthetic_fixture_no_physics_claim,e5f8136c3ef7f5c05b19f06194bb4793c6a60975d041e3f9408dfe6b70961486,10314193078439912693,R0,picard,1,2,2,0,13,0,1,0,0.0063255741260945797,0.0026884621474891901,1,1,0,0,0,unavailable
diagnostic_only,r207_synthetic_fixture_no_physics_claim,e5f8136c3ef7f5c05b19f06194bb4793c6a60975d041e3f9408dfe6b70961486,10314193078439912693,R0,picard,1,2,2,1,14,0,1,0,0.01427412498742342,0.0051446398720145226,1,1,0,0,0,unavailable
diagnostic_only,r207_synthetic_fixture_no_physics_claim,e5f8136c3ef7f5c05b19f06194bb4793c6a60975d041e3f9408dfe6b70961486,10314193078439912693,R0,picard,1,2,2,0,32,1,0,0,-0.00029557361267507076,-0.00019151775632053614,1,1,0,0,0,unavailable
diagnostic_only,r207_synthetic_fixture_no_physics_claim,e5f8136c3ef7f5c05b19f06194bb4793c6a60975d041e3f9408dfe6b70961486,10314193078439912693,R0,picard,1,2,2,1,30,1,0,0,-0.003061345312744379,-0.0011104467557743192,1,1,0,0,0,unavailable
diagnostic_only,r207_synthetic_fixture_no_physics_claim,e5f8136c3ef7f5c05b19f06194bb4793c6a60975d041e3f9408dfe6b70961486,10314193078439912693,R0,picard,1,2,2,0,33,1,1,0,0.0059108119457960129,0.0025430941022932529,1,1,0,0,0,unavailable
diagnostic_only,r207_synthetic_fixture_no_physics_claim,e5f8136c3ef7f5c05b19f06194bb4793c6a60975d041e3f9408dfe6b70961486,10314193078439912693,R0,picard,1,2,2,1,34,1,1,0,0.0095910578966140747,0.0034723062999546528,1,1,0,0,0,unavailable
diagnostic_only,r207_synthetic_fixture_no_physics_claim,e5f8136c3ef7f5c05b19f06194bb4793c6a60975d041e3f9408dfe6b70961486,10314193078439912693,R0,picard,1,2,2,0,52,2,0,0,-0.003896757960319519,-0.0025321757420897484,1,1,0,0,0,unavailable
diagnostic_only,r207_synthetic_fixture_no_physics_claim,e5f8136c3ef7f5c05b19f06194bb4793c6a60975d041e3f9408dfe6b70961486,10314193078439912693,R0,picard,1,2,2,1,50,2,0,0,-0.010139842517673969,-0.0036334048490971327,1,1,0,0,0,unavailable
diagnostic_only,r207_synthetic_fixture_no_physics_claim,e5f8136c3ef7f5c05b19f06194bb4793c6a60975d041e3f9408dfe6b70961486,10314193078439912693,R0,picard,1,2,2,0,53,2,1,0,0.0084314364939928055,0.0035834847949445248,1,1,0,0,0,unavailable
diagnostic_only,r207_synthetic_fixture_no_physics_claim,e5f8136c3ef7f5c05b19f06194bb4793c6a60975d041e3f9408dfe6b70961486,10314193078439912693,R0,picard,1,2,2,1,54,2,1,0,0.017172502353787422,0.0061892648227512836,1,1,0,0,0,unavailable
diagnostic_only,r207_synthetic_fixture_no_physics_claim,e5f8136c3ef7f5c05b19f06194bb4793c6a60975d041e3f9408dfe6b70961486,10314193078439912693,R0,picard,1,2,2,0,72,3,0,0,-0.0002756203175522387,-0.00017858896171674132,1,1,0,0,0,unavailable
diagnostic_only,r207_synthetic_fixture_no_physics_claim,e5f8136c3ef7f5c05b19f06194bb4793c6a60975d041e3f9408dfe6b70961486,10314193078439912693,R0,picard,1,2,2,1,70,3,0,0,-0.0012001534923911095,-0.0004353336407802999,1,1,0,0,0,unavailable
diagnostic_only,r207_synthetic_fixture_no_physics_claim,e5f8136c3ef7f5c05b19f06194bb4793c6a60975d041e3f9408dfe6b70961486,10314193078439912693,R0,picard,1,2,2,0,73,3,1,0,0.0037418582942336798,0.001609913888387382,1,1,0,0,0,unavailable
diagnostic_only,r207_synthetic_fixture_no_physics_claim,e5f8136c3ef7f5c05b19f06194bb4793c6a60975d041e3f9408dfe6b70961486,10314193078439912693,R0,picard,1,2,2,1,74,3,1,0,0.0055036665871739388,0.0019925243686884642,1,1,0,0,0,unavailable
diagnostic_only,r207_synthetic_fixture_no_physics_claim,e5f8136c3ef7f5c05b19f06194bb4793c6a60975d041e3f9408dfe6b70961486,10314193078439912693,R0,picard,1,2,2,2,10,0,0,0,-0.019722271710634232,-0.014693501405417919,1,1,0,0,0,unavailable
diagnostic_only,r207_synthetic_fixture_no_physics_claim,e5f8136c3ef7f5c05b19f06194bb4793c6a60975d041e3f9408dfe6b70961486,10314193078439912693,R0,picard,1,2,2,2,26,1,0,0,0.0016483475919812918,0.0008127349428832531,1,1,0,0,0,unavailable
diagnostic_only,r207_synthetic_fixture_no_physics_claim,e5f8136c3ef7f5c05b19f06194bb4793c6a60975d041e3f9408dfe6b70961486,10314193078439912693,R0,picard,1,2,2,2,42,2,0,0,-0.0054650800302624702,-0.0026946146972477436,1,1,0,0,0,unavailable
diagnostic_only,r207_synthetic_fixture_no_physics_claim,e5f8136c3ef7f5c05b19f06194bb4793c6a60975d041e3f9408dfe6b70961486,10314193078439912693,R0,picard,1,2,2,2,58,3,0,0,0.01022196002304554,0.0050400439649820328,1,1,0,0,0,unavailable
diagnostic_only,r207_synthetic_fixture_no_physics_claim,e5f8136c3ef7f5c05b19f06194bb4793c6a60975d041e3f9408dfe6b70961486,10314193078439912693,R0,picard,1,2,2,2,74,4,0,0,0.011198834516108036,0.00837717205286026,1,1,0,0,0,unavailable
diagnostic_only,r207_synthetic_fixture_no_physics_claim,e5f8136c3ef7f5c05b19f06194bb4793c6a60975d041e3f9408dfe6b70961486,10314193078439912693,R0,terminal_reprojection,2147483649,2,3,0,12,0,0,0,-0.0044063837267458439,-0.002863338915631175,1,2,0,0,0,unavailable
diagnostic_only,r207_synthetic_fixture_no_physics_claim,e5f8136c3ef7f5c05b19f06194bb4793c6a60975d041e3f9408dfe6b70961486,10314193078439912693,R0,terminal_reprojection,2147483649,2,3,1,10,0,0,0,-0.0089980605989694595,-0.0032242706511169672,1,2,0,0,0,unavailable
diagnostic_only,r207_synthetic_fixture_no_physics_claim,e5f8136c3ef7f5c05b19f06194bb4793c6a60975d041e3f9408dfe6b70961486,10314193078439912693,R0,terminal_reprojection,2147483649,2,3,0,13,0,1,0,0.0063255741260945797,0.0026884621474891901,1,2,0,0,0,unavailable
diagnostic_only,r207_synthetic_fixture_no_physics_claim,e5f8136c3ef7f5c05b19f06194bb4793c6a60975d041e3f9408dfe6b70961486,10314193078439912693,R0,terminal_reprojection,2147483649,2,3,1,14,0,1,0,0.01427412498742342,0.0051446398720145226,1,2,0,0,0,unavailable
diagnostic_only,r207_synthetic_fixture_no_physics_claim,e5f8136c3ef7f5c05b19f06194bb4793c6a60975d041e3f9408dfe6b70961486,10314193078439912693,R0,terminal_reprojection,2147483649,2,3,0,32,1,0,0,-0.00029557361267507076,-0.00019151775632053614,1,2,0,0,0,unavailable
diagnostic_only,r207_synthetic_fixture_no_physics_claim,e5f8136c3ef7f5c05b19f06194bb4793c6a60975d041e3f9408dfe6b70961486,10314193078439912693,R0,terminal_reprojection,2147483649,2,3,1,30,1,0,0,-0.003061345312744379,-0.0011104467557743192,1,2,0,0,0,unavailable
diagnostic_only,r207_synthetic_fixture_no_physics_claim,e5f8136c3ef7f5c05b19f06194bb4793c6a60975d041e3f9408dfe6b70961486,10314193078439912693,R0,terminal_reprojection,2147483649,2,3,0,33,1,1,0,0.0059108119457960129,0.0025430941022932529,1,2,0,0,0,unavailable
diagnostic_only,r207_synthetic_fixture_no_physics_claim,e5f8136c3ef7f5c05b19f06194bb4793c6a60975d041e3f9408dfe6b70961486,10314193078439912693,R0,terminal_reprojection,2147483649,2,3,1,34,1,1,0,0.0095910578966140747,0.0034723062999546528,1,2,0,0,0,unavailable
diagnostic_only,r207_synthetic_fixture_no_physics_claim,e5f8136c3ef7f5c05b19f06194bb4793c6a60975d041e3f9408dfe6b70961486,10314193078439912693,R0,terminal_reprojection,2147483649,2,3,0,52,2,0,0,-0.003896757960319519,-0.0025321757420897484,1,2,0,0,0,unavailable
diagnostic_only,r207_synthetic_fixture_no_physics_claim,e5f8136c3ef7f5c05b19f06194bb4793c6a60975d041e3f9408dfe6b70961486,10314193078439912693,R0,terminal_reprojection,2147483649,2,3,1,50,2,0,0,-0.010139842517673969,-0.0036334048490971327,1,2,0,0,0,unavailable
diagnostic_only,r207_synthetic_fixture_no_physics_claim,e5f8136c3ef7f5c05b19f06194bb4793c6a60975d041e3f9408dfe6b70961486,10314193078439912693,R0,terminal_reprojection,2147483649,2,3,0,53,2,1,0,0.0084314364939928055,0.0035834847949445248,1,2,0,0,0,unavailable
diagnostic_only,r207_synthetic_fixture_no_physics_claim,e5f8136c3ef7f5c05b19f06194bb4793c6a60975d041e3f9408dfe6b70961486,10314193078439912693,R0,terminal_reprojection,2147483649,2,3,1,54,2,1,0,0.017172502353787422,0.0061892648227512836,1,2,0,0,0,unavailable
diagnostic_only,r207_synthetic_fixture_no_physics_claim,e5f8136c3ef7f5c05b19f06194bb4793c6a60975d041e3f9408dfe6b70961486,10314193078439912693,R0,terminal_reprojection,2147483649,2,3,0,72,3,0,0,-0.0002756203175522387,-0.00017858896171674132,1,2,0,0,0,unavailable
diagnostic_only,r207_synthetic_fixture_no_physics_claim,e5f8136c3ef7f5c05b19f06194bb4793c6a60975d041e3f9408dfe6b70961486,10314193078439912693,R0,terminal_reprojection,2147483649,2,3,1,70,3,0,0,-0.0012001534923911095,-0.0004353336407802999,1,2,0,0,0,unavailable
diagnostic_only,r207_synthetic_fixture_no_physics_claim,e5f8136c3ef7f5c05b19f06194bb4793c6a60975d041e3f9408dfe6b70961486,10314193078439912693,R0,terminal_reprojection,2147483649,2,3,0,73,3,1,0,0.0037418582942336798,0.001609913888387382,1,2,0,0,0,unavailable
diagnostic_only,r207_synthetic_fixture_no_physics_claim,e5f8136c3ef7f5c05b19f06194bb4793c6a60975d041e3f9408dfe6b70961486,10314193078439912693,R0,terminal_reprojection,2147483649,2,3,1,74,3,1,0,0.0055036665871739388,0.0019925243686884642,1,2,0,0,0,unavailable
diagnostic_only,r207_synthetic_fixture_no_physics_claim,e5f8136c3ef7f5c05b19f06194bb4793c6a60975d041e3f9408dfe6b70961486,10314193078439912693,R0,terminal_reprojection,2147483649,2,3,2,10,0,0,0,-0.019722271710634232,-0.014693501405417919,1,2,0,0,0,unavailable
diagnostic_only,r207_synthetic_fixture_no_physics_claim,e5f8136c3ef7f5c05b19f06194bb4793c6a60975d041e3f9408dfe6b70961486,10314193078439912693,R0,terminal_reprojection,2147483649,2,3,2,26,1,0,0,0.0016483475919812918,0.0008127349428832531,1,2,0,0,0,unavailable
diagnostic_only,r207_synthetic_fixture_no_physics_claim,e5f8136c3ef7f5c05b19f06194bb4793c6a60975d041e3f9408dfe6b70961486,10314193078439912693,R0,terminal_reprojection,2147483649,2,3,2,42,2,0,0,-0.0054650800302624702,-0.0026946146972477436,1,2,0,0,0,unavailable
diagnostic_only,r207_synthetic_fixture_no_physics_claim,e5f8136c3ef7f5c05b19f06194bb4793c6a60975d041e3f9408dfe6b70961486,10314193078439912693,R0,terminal_reprojection,2147483649,2,3,2,58,3,0,0,0.01022196002304554,0.0050400439649820328,1,2,0,0,0,unavailable
diagnostic_only,r207_synthetic_fixture_no_physics_claim,e5f8136c3ef7f5c05b19f06194bb4793c6a60975d041e3f9408dfe6b70961486,10314193078439912693,R0,terminal_reprojection,2147483649,2,3,2,74,4,0,0,0.011198834516108036,0.00837717205286026,1,2,0,0,0,unavailable
diagnostic_only,r207_synthetic_fixture_no_physics_claim,e5f8136c3ef7f5c05b19f06194bb4793c6a60975d041e3f9408dfe6b70961486,10314193078439912693,R1,bootstrap,4294967295,0,0,0,12,0,0,3.7380857520474819e-08,-1.9644643245442239e-08,-1.2765198675879219e-08,unavailable,unavailable,unavailable,unavailable,unavailable,unavailable
diagnostic_only,r207_synthetic_fixture_no_physics_claim,e5f8136c3ef7f5c05b19f06194bb4793c6a60975d041e3f9408dfe6b70961486,10314193078439912693,R1,bootstrap,4294967295,0,0,1,10,0,0,4.9485908704127723e-08,-1.4922081348345273e-08,-5.3469122462956875e-09,unavailable,unavailable,unavailable,unavailable,unavailable,unavailable
diagnostic_only,r207_synthetic_fixture_no_physics_claim,e5f8136c3ef7f5c05b19f06194bb4793c6a60975d041e3f9408dfe6b70961486,10314193078439912693,R1,bootstrap,4294967295,0,0,0,13,0,1,-7.9310638056995231e-08,-7.1170177307067206e-08,-3.0247495175217409e-08,unavailable,unavailable,unavailable,unavailable,unavailable,unavailable
diagnostic_only,r207_synthetic_fixture_no_physics_claim,e5f8136c3ef7f5c05b19f06194bb4793c6a60975d041e3f9408dfe6b70961486,10314193078439912693,R1,bootstrap,4294967295,0,0,1,14,0,1,-9.6627921664094174e-08,-4.4325791037636009e-08,-1.597546628318014e-08,unavailable,unavailable,unavailable,unavailable,unavailable,unavailable
diagnostic_only,r207_synthetic_fixture_no_physics_claim,e5f8136c3ef7f5c05b19f06194bb4793c6a60975d041e3f9408dfe6b70961486,10314193078439912693,R1,bootstrap,4294967295,0,0,0,32,1,0,-8.3233961944984003e-09,-5.0734931811291517e-09,-3.2873668232014097e-09,unavailable,unavailable,unavailable,unavailable,unavailable,unavailable
diagnostic_only,r207_synthetic_fixture_no_physics_claim,e5f8136c3ef7f5c05b19f06194bb4793c6a60975d041e3f9408dfe6b70961486,10314193078439912693,R1,bootstrap,4294967295,0,0,1,30,1,0,-9.8914325619148258e-09,-4.7538200931285246e-08,-1.7243596772686942e-08,unavailable,unavailable,unavailable,unavailable,unavailable,unavailable
diagnostic_only,r207_synthetic_fixture_no_physics_claim,e5f8136c3ef7f5c05b19f06194bb4793c6a60975d041e3f9408dfe6b70961486,10314193078439912693,R1,bootstrap,4294967295,0,0,0,33,1,1,-2.0367048492175854e-08,2.549565003562293e-08,1.0969307240316084e-08,unavailable,unavailable,unavailable,unavailable,unavailable,unavailable
diagnostic_only,r207_synthetic_fixture_no_physics_claim,e5f8136c3ef7f5c05b19f06194bb4793c6a60975d041e3f9408dfe6b70961486,10314193078439912693,R1,bootstrap,4294967295,0,0,1,34,1,1,-1.3803461484940271e-08,8.0560369042359525e-08,2.9165672543740584e-08,unavailable,unavailable,unavailable,unavailable,unavailable,unavailable
diagnostic_only,r207_synthetic_fixture_no_physics_claim,e5f8136c3ef7f5c05b19f06194bb4793c6a60975d041e3f9408dfe6b70961486,10314193078439912693,R1,bootstrap,4294967295,0,0,0,52,2,0,1.7955773756739291e-08,-3.6354251164993912e-08,-2.3623201172995323e-08,unavailable,unavailable,unavailable,unavailable,unavailable,unavailable
diagnostic_only,r207_synthetic_fixture_no_physics_claim,e5f8136c3ef7f5c05b19f06194bb4793c6a60975d041e3f9408dfe6b70961486,10314193078439912693,R1,bootstrap,4294967295,0,0,1,50,2,0,4.081664073396496e-08,-4.3185359288600011e-08,-1.5474281411798074e-08,unavailable,unavailable,unavailable,unavailable,unavailable,unavailable
diagnostic_only,r207_synthetic_fixture_no_physics_claim,e5f8136c3ef7f5c05b19f06194bb4793c6a60975d041e3f9408dfe6b70961486,10314193078439912693,R1,bootstrap,4294967295,0,0,0,53,2,1,-1.0251674353867202e-07,-9.2888932101686805e-08,-3.9478024405070755e-08,unavailable,unavailable,unavailable,unavailable,unavailable,unavailable
diagnostic_only,r207_synthetic_fixture_no_physics_claim,e5f8136c3ef7f5c05b19f06194bb4793c6a60975d041e3f9408dfe6b70961486,10314193078439912693,R1,bootstrap,4294967295,0,0,1,54,2,1,-1.027943667963882e-07,-9.5891667939440595e-09,-3.4560372341729817e-09,unavailable,unavailable,unavailable,unavailable,unavailable,unavailable
diagnostic_only,r207_synthetic_fixture_no_physics_claim,e5f8136c3ef7f5c05b19f06194bb4793c6a60975d041e3f9408dfe6b70961486,10314193078439912693,R1,bootstrap,4294967295,0,0,0,72,3,0,-5.3485029738453704e-09,1.2668412097127657e-08,8.2084889996281163e-09,unavailable,unavailable,unavailable,unavailable,unavailable,unavailable
diagnostic_only,r207_synthetic_fixture_no_physics_claim,e5f8136c3ef7f5c05b19f06194bb4793c6a60975d041e3f9408dfe6b70961486,10314193078439912693,R1,bootstrap,4294967295,0,0,1,70,3,0,-8.3773450398894056e-09,6.1342193546920498e-09,2.225072570638531e-09,unavailable,unavailable,unavailable,unavailable,unavailable,unavailable
diagnostic_only,r207_synthetic_fixture_no_physics_claim,e5f8136c3ef7f5c05b19f06194bb4793c6a60975d041e3f9408dfe6b70961486,10314193078439912693,R1,bootstrap,4294967295,0,0,0,73,3,1,-7.8100548250858992e-09,7.8468710695833721e-11,3.376054991122146e-11,unavailable,unavailable,unavailable,unavailable,unavailable,unavailable
diagnostic_only,r207_synthetic_fixture_no_physics_claim,e5f8136c3ef7f5c05b19f06194bb4793c6a60975d041e3f9408dfe6b70961486,10314193078439912693,R1,bootstrap,4294967295,0,0,1,74,3,1,-1.8847727822901561e-09,1.0547689832662854e-08,3.8186280804097805e-09,unavailable,unavailable,unavailable,unavailable,unavailable,unavailable
diagnostic_only,r207_synthetic_fixture_no_physics_claim,e5f8136c3ef7f5c05b19f06194bb4793c6a60975d041e3f9408dfe6b70961486,10314193078439912693,R1,bootstrap,4294967295,0,0,2,10,0,0,1.6707960526218812e-07,3.6549856474721309e-08,2.7230100840824889e-08,unavailable,unavailable,unavailable,unavailable,unavailable,unavailable
diagnostic_only,r207_synthetic_fixture_no_physics_claim,e5f8136c3ef7f5c05b19f06194bb4793c6a60975d041e3f9408dfe6b70961486,10314193078439912693,R1,bootstrap,4294967295,0,0,2,26,1,0,3.5516052321327152e-08,1.1747913220006012e-07,5.7923152496641706e-08,unavailable,unavailable,unavailable,unavailable,unavailable,unavailable
diagnostic_only,r207_synthetic_fixture_no_physics_claim,e5f8136c3ef7f5c05b19f06194bb4793c6a60975d041e3f9408dfe6b70961486,10314193078439912693,R1,bootstrap,4294967295,0,0,2,42,2,0,2.1590572885088477e-08,-4.1188606303421693e-08,-2.0308071668750927e-08,unavailable,unavailable,unavailable,unavailable,unavailable,unavailable
diagnostic_only,r207_synthetic_fixture_no_physics_claim,e5f8136c3ef7f5c05b19f06194bb4793c6a60975d041e3f9408dfe6b70961486,10314193078439912693,R1,bootstrap,4294967295,0,0,2,58,3,0,-9.3210701379575767e-08,-1.8249993516405993e-08,-8.9981710971187567e-09,unavailable,unavailable,unavailable,unavailable,unavailable,unavailable
diagnostic_only,r207_synthetic_fixture_no_physics_claim,e5f8136c3ef7f5c05b19f06194bb4793c6a60975d041e3f9408dfe6b70961486,10314193078439912693,R1,bootstrap,4294967295,0,0,2,74,4,0,-1.7942927144076748e-08,-1.0073549105982238e-08,-7.5353971951130916e-09,unavailable,unavailable,unavailable,unavailable,unavailable,unavailable
diagnostic_only,r207_synthetic_fixture_no_physics_claim,e5f8136c3ef7f5c05b19f06194bb4793c6a60975d041e3f9408dfe6b70961486,10314193078439912693,R1,picard,0,1,1,0,12,0,0,3.7380857520474819e-08,-0.003678592387586832,-0.0023903697729110718,1,0,0,-0.0036785727429435866,-0.0023903570077123959,unavailable
diagnostic_only,r207_synthetic_fixture_no_physics_claim,e5f8136c3ef7f5c05b19f06194bb4793c6a60975d041e3f9408dfe6b70961486,10314193078439912693,R1,picard,0,1,1,1,10,0,0,4.9485908704127723e-08,-0.0099911531433463097,-0.0035800514742732048,1,0,0,-0.0099911382212649613,-0.0035800461273609585,unavailable
diagnostic_only,r207_synthetic_fixture_no_physics_claim,e5f8136c3ef7f5c05b19f06194bb4793c6a60975d041e3f9408dfe6b70961486,10314193078439912693,R1,picard,0,1,1,0,13,0,1,-7.9310638056995231e-08,0.0082569727674126625,0.0035092327743768692,1,0,0,0.0082570439375899696,0.0035092630218720444,unavailable
diagnostic_only,r207_synthetic_fixture_no_physics_claim,e5f8136c3ef7f5c05b19f06194bb4793c6a60975d041e3f9408dfe6b70961486,10314193078439912693,R1,picard,0,1,1,1,14,0,1,-9.6627921664094174e-08,0.012080341577529907,0.0043538780882954597,1,0,0,0.012080385903320945,0.0043538940637617429,unavailable
diagnostic_only,r207_synthetic_fixture_no_physics_claim,e5f8136c3ef7f5c05b19f06194bb4793c6a60975d041e3f9408dfe6b70961486,10314193078439912693,R1,picard,0,1,1,0,32,1,0,-8.3233961944984003e-09,0.00016676512314006686,0.00010805536294355989,1,0,0,0.00016677019663324799,0.00010805865031038309,unavailable
diagnostic_only,r207_synthetic_fixture_no_physics_claim,e5f8136c3ef7f5c05b19f06194bb4793c6a60975d041e3f9408dfe6b70961486,10314193078439912693,R1,picard,0,1,1,1,30,1,0,-9.8914325619148258e-09,-0.0038075211923569441,-0.0013811073731631041,1,0,0,-0.0038074736541560128,-0.0013810901295663314,unavailable
diagnostic_only,r207_synthetic_fixture_no_physics_claim,e5f8136c3ef7f5c05b19f06194bb4793c6a60975d041e3f9408dfe6b70961486,10314193078439912693,R1,picard,0,1,1,0,33,1,1,-2.0367048492175854e-08,0.0076749729923903942,0.0033020980190485716,1,0,0,0.0076749474967403586,0.0033020870497413313,unavailable
diagnostic_only,r207_synthetic_fixture_no_physics_claim,e5f8136c3ef7f5c05b19f06194bb4793c6a60975d041e3f9408dfe6b70961486,10314193078439912693,R1,picard,0,1,1,1,34,1,1,-1.3803461484940271e-08,0.0083895232528448105,0.0030373008921742439,1,0,0,0.0083894426924757681,0.0030372717265017002,unavailable
diagnostic_only,r207_synthetic_fixture_no_physics_claim,e5f8136c3ef7f5c05b19f06194bb4793c6a60975d041e3f9408dfe6b70961486,10314193078439912693,R1,picard,0,1,1,0,52,2,0,1.7955773756739291e-08,-0.0034872405230998993,-0.0022660288959741592,1,0,0,-0.0034872041688487343,-0.0022660052727729862,unavailable
diagnostic_only,r207_synthetic_fixture_no_physics_claim,e5f8136c3ef7f5c05b19f06194bb4793c6a60975d041e3f9408dfe6b70961486,10314193078439912693,R1,picard,0,1,1,1,50,2,0,4.081664073396496e-08,-0.010625817812979221,-0.0038074683398008347,1,0,0,-0.010625774627619933,-0.0038074528655194229,unavailable
diagnostic_only,r207_synthetic_fixture_no_physics_claim,e5f8136c3ef7f5c05b19f06194bb4793c6a60975d041e3f9408dfe6b70961486,10314193078439912693,R1,picard,0,1,1,0,53,2,1,-1.0251674353867202e-07,0.009813159704208374,0.004170617088675499,1,0,0,0.0098132525931404757,0.004170656566699904,unavailable
diagnostic_only,r207_synthetic_fixture_no_physics_claim,e5f8136c3ef7f5c05b19f06194bb4793c6a60975d041e3f9408dfe6b70961486,10314193078439912693,R1,picard,0,1,1,1,54,2,1,-1.027943667963882e-07,0.015893660485744476,0.0057282433845102787,1,0,0,0.01589367007491127,0.0057282468405475129,unavailable
diagnostic_only,r207_synthetic_fixture_no_physics_claim,e5f8136c3ef7f5c05b19f06194bb4793c6a60975d041e3f9408dfe6b70961486,10314193078439912693,R1,picard,0,1,1,0,72,3,0,-5.3485029738453704e-09,0.00021868347539566457,0.00014169581118039787,1,0,0,0.00021867080698356745,0.00014168760269139824,unavailable
diagnostic_only,r207_synthetic_fixture_no_physics_claim,e5f8136c3ef7f5c05b19f06194bb4793c6a60975d041e3f9408dfe6b70961486,10314193078439912693,R1,picard,0,1,1,1,70,3,0,-8.3773450398894056e-09,-0.0005298253963701427,-0.00019218417583033442,1,0,0,-0.00052983153058949739,-0.00019218640090290506,unavailable
diagnostic_only,r207_synthetic_fixture_no_physics_claim,e5f8136c3ef7f5c05b19f06194bb4793c6a60975d041e3f9408dfe6b70961486,10314193078439912693,R1,picard,0,1,1,0,73,3,1,-7.8100548250858992e-09,0.0057043926790356636,0.00245427037589252,1,0,0,0.0057043926005669529,0.00245427034213197,unavailable
diagnostic_only,r207_synthetic_fixture_no_physics_claim,e5f8136c3ef7f5c05b19f06194bb4793c6a60975d041e3f9408dfe6b70961486,10314193078439912693,R1,picard,0,1,1,1,74,3,1,-1.8847727822901561e-09,0.0052565275691449642,0.0019030446419492364,1,0,0,0.0052565170214551316,0.001903040823321156,unavailable
diagnostic_only,r207_synthetic_fixture_no_physics_claim,e5f8136c3ef7f5c05b19f06194bb4793c6a60975d041e3f9408dfe6b70961486,10314193078439912693,R1,picard,0,1,1,2,10,0,0,1.6707960526218812e-07,-0.014875155873596668,-0.011082177050411701,1,0,0,-0.014875192423453143,-0.011082204280512542,unavailable
diagnostic_only,r207_synthetic_fixture_no_physics_claim,e5f8136c3ef7f5c05b19f06194bb4793c6a60975d041e3f9408dfe6b70961486,10314193078439912693,R1,picard,0,1,1,2,26,1,0,3.5516052321327152e-08,0.0023222218733280897,0.001144972862675786,1,0,0,0.0023221043941958897,0.0011449149395232894,unavailable
diagnostic_only,r207_synthetic_fixture_no_physics_claim,e5f8136c3ef7f5c05b19f06194bb4793c6a60975d041e3f9408dfe6b70961486,10314193078439912693,R1,picard,0,1,1,2,42,2,0,2.1590572885088477e-08,-0.00563775934278965,-0.0027797012589871883,1,0,0,-0.0056377181541833465,-0.0027796809509155196,unavailable
diagnostic_only,r207_synthetic_fixture_no_physics_claim,e5f8136c3ef7f5c05b19f06194bb4793c6a60975d041e3f9408dfe6b70961486,10314193078439912693,R1,picard,0,1,1,2,58,3,0,-9.3210701379575767e-08,0.0098691610619425774,0.0048659960739314556,1,0,0,0.0098691793119360938,0.0048660050721025527,unavailable
diagnostic_only,r207_synthetic_fixture_no_physics_claim,e5f8136c3ef7f5c05b19f06194bb4793c6a60975d041e3f9408dfe6b70961486,10314193078439912693,R1,picard,0,1,1,2,74,4,0,-1.7942927144076748e-08,0.0061757802031934261,0.0046197180636227131,1,0,0,0.0061757902767425321,0.0046197255990199082,unavailable
diagnostic_only,r207_synthetic_fixture_no_physics_claim,e5f8136c3ef7f5c05b19f06194bb4793c6a60975d041e3f9408dfe6b70961486,10314193078439912693,R1,picard,1,2,2,0,12,0,0,3.7380857520474819e-08,-0.003678592387586832,-0.0023903697729110718,1,1,0,0,0,unavailable
diagnostic_only,r207_synthetic_fixture_no_physics_claim,e5f8136c3ef7f5c05b19f06194bb4793c6a60975d041e3f9408dfe6b70961486,10314193078439912693,R1,picard,1,2,2,1,10,0,0,4.9485908704127723e-08,-0.0099911531433463097,-0.0035800514742732048,1,1,0,0,0,unavailable
diagnostic_only,r207_synthetic_fixture_no_physics_claim,e5f8136c3ef7f5c05b19f06194bb4793c6a60975d041e3f9408dfe6b70961486,10314193078439912693,R1,picard,1,2,2,0,13,0,1,-7.9310638056995231e-08,0.0082569727674126625,0.0035092327743768692,1,1,0,0,0,unavailable
diagnostic_only,r207_synthetic_fixture_no_physics_claim,e5f8136c3ef7f5c05b19f06194bb4793c6a60975d041e3f9408dfe6b70961486,10314193078439912693,R1,picard,1,2,2,1,14,0,1,-9.6627921664094174e-08,0.012080341577529907,0.0043538780882954597,1,1,0,0,0,unavailable
diagnostic_only,r207_synthetic_fixture_no_physics_claim,e5f8136c3ef7f5c05b19f06194bb4793c6a60975d041e3f9408dfe6b70961486,10314193078439912693,R1,picard,1,2,2,0,32,1,0,-8.3233961944984003e-09,0.00016676512314006686,0.00010805536294355989,1,1,0,0,0,unavailable
diagnostic_only,r207_synthetic_fixture_no_physics_claim,e5f8136c3ef7f5c05b19f06194bb4793c6a60975d041e3f9408dfe6b70961486,10314193078439912693,R1,picard,1,2,2,1,30,1,0,-9.8914325619148258e-09,-0.0038075211923569441,-0.0013811073731631041,1,1,0,0,0,unavailable
diagnostic_only,r207_synthetic_fixture_no_physics_claim,e5f8136c3ef7f5c05b19f06194bb4793c6a60975d041e3f9408dfe6b70961486,10314193078439912693,R1,picard,1,2,2,0,33,1,1,-2.0367048492175854e-08,0.0076749729923903942,0.0033020980190485716,1,1,0,0,0,unavailable
diagnostic_only,r207_synthetic_fixture_no_physics_claim,e5f8136c3ef7f5c05b19f06194bb4793c6a60975d041e3f9408dfe6b70961486,10314193078439912693,R1,picard,1,2,2,1,34,1,1,-1.3803461484940271e-08,0.0083895232528448105,0.0030373008921742439,1,1,0,0,0,unavailable
diagnostic_only,r207_synthetic_fixture_no_physics_claim,e5f8136c3ef7f5c05b19f06194bb4793c6a60975d041e3f9408dfe6b70961486,10314193078439912693,R1,picard,1,2,2,0,52,2,0,1.7955773756739291e-08,-0.0034872405230998993,-0.0022660288959741592,1,1,0,0,0,unavailable
diagnostic_only,r207_synthetic_fixture_no_physics_claim,e5f8136c3ef7f5c05b19f06194bb4793c6a60975d041e3f9408dfe6b70961486,10314193078439912693,R1,picard,1,2,2,1,50,2,0,4.081664073396496e-08,-0.010625817812979221,-0.0038074683398008347,1,1,0,0,0,unavailable
diagnostic_only,r207_synthetic_fixture_no_physics_claim,e5f8136c3ef7f5c05b19f06194bb4793c6a60975d041e3f9408dfe6b70961486,10314193078439912693,R1,picard,1,2,2,0,53,2,1,-1.0251674353867202e-07,0.009813159704208374,0.004170617088675499,1,1,0,0,0,unavailable
diagnostic_only,r207_synthetic_fixture_no_physics_claim,e5f8136c3ef7f5c05b19f06194bb4793c6a60975d041e3f9408dfe6b70961486,10314193078439912693,R1,picard,1,2,2,1,54,2,1,-1.027943667963882e-07,0.015893660485744476,0.0057282433845102787,1,1,0,0,0,unavailable
diagnostic_only,r207_synthetic_fixture_no_physics_claim,e5f8136c3ef7f5c05b19f06194bb4793c6a60975d041e3f9408dfe6b70961486,10314193078439912693,R1,picard,1,2,2,0,72,3,0,-5.3485029738453704e-09,0.00021868347539566457,0.00014169581118039787,1,1,0,0,0,unavailable
diagnostic_only,r207_synthetic_fixture_no_physics_claim,e5f8136c3ef7f5c05b19f06194bb4793c6a60975d041e3f9408dfe6b70961486,10314193078439912693,R1,picard,1,2,2,1,70,3,0,-8.3773450398894056e-09,-0.0005298253963701427,-0.00019218417583033442,1,1,0,0,0,unavailable
diagnostic_only,r207_synthetic_fixture_no_physics_claim,e5f8136c3ef7f5c05b19f06194bb4793c6a60975d041e3f9408dfe6b70961486,10314193078439912693,R1,picard,1,2,2,0,73,3,1,-7.8100548250858992e-09,0.0057043926790356636,0.00245427037589252,1,1,0,0,0,unavailable
diagnostic_only,r207_synthetic_fixture_no_physics_claim,e5f8136c3ef7f5c05b19f06194bb4793c6a60975d041e3f9408dfe6b70961486,10314193078439912693,R1,picard,1,2,2,1,74,3,1,-1.8847727822901561e-09,0.0052565275691449642,0.0019030446419492364,1,1,0,0,0,unavailable
diagnostic_only,r207_synthetic_fixture_no_physics_claim,e5f8136c3ef7f5c05b19f06194bb4793c6a60975d041e3f9408dfe6b70961486,10314193078439912693,R1,picard,1,2,2,2,10,0,0,1.6707960526218812e-07,-0.014875155873596668,-0.011082177050411701,1,1,0,0,0,unavailable
diagnostic_only,r207_synthetic_fixture_no_physics_claim,e5f8136c3ef7f5c05b19f06194bb4793c6a60975d041e3f9408dfe6b70961486,10314193078439912693,R1,picard,1,2,2,2,26,1,0,3.5516052321327152e-08,0.0023222218733280897,0.001144972862675786,1,1,0,0,0,unavailable
diagnostic_only,r207_synthetic_fixture_no_physics_claim,e5f8136c3ef7f5c05b19f06194bb4793c6a60975d041e3f9408dfe6b70961486,10314193078439912693,R1,picard,1,2,2,2,42,2,0,2.1590572885088477e-08,-0.00563775934278965,-0.0027797012589871883,1,1,0,0,0,unavailable
diagnostic_only,r207_synthetic_fixture_no_physics_claim,e5f8136c3ef7f5c05b19f06194bb4793c6a60975d041e3f9408dfe6b70961486,10314193078439912693,R1,picard,1,2,2,2,58,3,0,-9.3210701379575767e-08,0.0098691610619425774,0.0048659960739314556,1,1,0,0,0,unavailable
diagnostic_only,r207_synthetic_fixture_no_physics_claim,e5f8136c3ef7f5c05b19f06194bb4793c6a60975d041e3f9408dfe6b70961486,10314193078439912693,R1,picard,1,2,2,2,74,4,0,-1.7942927144076748e-08,0.0061757802031934261,0.0046197180636227131,1,1,0,0,0,unavailable
diagnostic_only,r207_synthetic_fixture_no_physics_claim,e5f8136c3ef7f5c05b19f06194bb4793c6a60975d041e3f9408dfe6b70961486,10314193078439912693,R1,terminal_reprojection,2147483649,2,3,0,12,0,0,3.7380857520474819e-08,-0.003678592387586832,-0.0023903697729110718,1,2,0,0,0,unavailable
diagnostic_only,r207_synthetic_fixture_no_physics_claim,e5f8136c3ef7f5c05b19f06194bb4793c6a60975d041e3f9408dfe6b70961486,10314193078439912693,R1,terminal_reprojection,2147483649,2,3,1,10,0,0,4.9485908704127723e-08,-0.0099911531433463097,-0.0035800514742732048,1,2,0,0,0,unavailable
diagnostic_only,r207_synthetic_fixture_no_physics_claim,e5f8136c3ef7f5c05b19f06194bb4793c6a60975d041e3f9408dfe6b70961486,10314193078439912693,R1,terminal_reprojection,2147483649,2,3,0,13,0,1,-7.9310638056995231e-08,0.0082569727674126625,0.0035092327743768692,1,2,0,0,0,unavailable
diagnostic_only,r207_synthetic_fixture_no_physics_claim,e5f8136c3ef7f5c05b19f06194bb4793c6a60975d041e3f9408dfe6b70961486,10314193078439912693,R1,terminal_reprojection,2147483649,2,3,1,14,0,1,-9.6627921664094174e-08,0.012080341577529907,0.0043538780882954597,1,2,0,0,0,unavailable
diagnostic_only,r207_synthetic_fixture_no_physics_claim,e5f8136c3ef7f5c05b19f06194bb4793c6a60975d041e3f9408dfe6b70961486,10314193078439912693,R1,terminal_reprojection,2147483649,2,3,0,32,1,0,-8.3233961944984003e-09,0.00016676512314006686,0.00010805536294355989,1,2,0,0,0,unavailable
diagnostic_only,r207_synthetic_fixture_no_physics_claim,e5f8136c3ef7f5c05b19f06194bb4793c6a60975d041e3f9408dfe6b70961486,10314193078439912693,R1,terminal_reprojection,2147483649,2,3,1,30,1,0,-9.8914325619148258e-09,-0.0038075211923569441,-0.0013811073731631041,1,2,0,0,0,unavailable
diagnostic_only,r207_synthetic_fixture_no_physics_claim,e5f8136c3ef7f5c05b19f06194bb4793c6a60975d041e3f9408dfe6b70961486,10314193078439912693,R1,terminal_reprojection,2147483649,2,3,0,33,1,1,-2.0367048492175854e-08,0.0076749729923903942,0.0033020980190485716,1,2,0,0,0,unavailable
diagnostic_only,r207_synthetic_fixture_no_physics_claim,e5f8136c3ef7f5c05b19f06194bb4793c6a60975d041e3f9408dfe6b70961486,10314193078439912693,R1,terminal_reprojection,2147483649,2,3,1,34,1,1,-1.3803461484940271e-08,0.0083895232528448105,0.0030373008921742439,1,2,0,0,0,unavailable
diagnostic_only,r207_synthetic_fixture_no_physics_claim,e5f8136c3ef7f5c05b19f06194bb4793c6a60975d041e3f9408dfe6b70961486,10314193078439912693,R1,terminal_reprojection,2147483649,2,3,0,52,2,0,1.7955773756739291e-08,-0.0034872405230998993,-0.0022660288959741592,1,2,0,0,0,unavailable
diagnostic_only,r207_synthetic_fixture_no_physics_claim,e5f8136c3ef7f5c05b19f06194bb4793c6a60975d041e3f9408dfe6b70961486,10314193078439912693,R1,terminal_reprojection,2147483649,2,3,1,50,2,0,4.081664073396496e-08,-0.010625817812979221,-0.0038074683398008347,1,2,0,0,0,unavailable
diagnostic_only,r207_synthetic_fixture_no_physics_claim,e5f8136c3ef7f5c05b19f06194bb4793c6a60975d041e3f9408dfe6b70961486,10314193078439912693,R1,terminal_reprojection,2147483649,2,3,0,53,2,1,-1.0251674353867202e-07,0.009813159704208374,0.004170617088675499,1,2,0,0,0,unavailable
diagnostic_only,r207_synthetic_fixture_no_physics_claim,e5f8136c3ef7f5c05b19f06194bb4793c6a60975d041e3f9408dfe6b70961486,10314193078439912693,R1,terminal_reprojection,2147483649,2,3,1,54,2,1,-1.027943667963882e-07,0.015893660485744476,0.0057282433845102787,1,2,0,0,0,unavailable
diagnostic_only,r207_synthetic_fixture_no_physics_claim,e5f8136c3ef7f5c05b19f06194bb4793c6a60975d041e3f9408dfe6b70961486,10314193078439912693,R1,terminal_reprojection,2147483649,2,3,0,72,3,0,-5.3485029738453704e-09,0.00021868347539566457,0.00014169581118039787,1,2,0,0,0,unavailable
diagnostic_only,r207_synthetic_fixture_no_physics_claim,e5f8136c3ef7f5c05b19f06194bb4793c6a60975d041e3f9408dfe6b70961486,10314193078439912693,R1,terminal_reprojection,2147483649,2,3,1,70,3,0,-8.3773450398894056e-09,-0.0005298253963701427,-0.00019218417583033442,1,2,0,0,0,unavailable
diagnostic_only,r207_synthetic_fixture_no_physics_claim,e5f8136c3ef7f5c05b19f06194bb4793c6a60975d041e3f9408dfe6b70961486,10314193078439912693,R1,terminal_reprojection,2147483649,2,3,0,73,3,1,-7.8100548250858992e-09,0.0057043926790356636,0.00245427037589252,1,2,0,0,0,unavailable
diagnostic_only,r207_synthetic_fixture_no_physics_claim,e5f8136c3ef7f5c05b19f06194bb4793c6a60975d041e3f9408dfe6b70961486,10314193078439912693,R1,terminal_reprojection,2147483649,2,3,1,74,3,1,-1.8847727822901561e-09,0.0052565275691449642,0.0019030446419492364,1,2,0,0,0,unavailable
diagnostic_only,r207_synthetic_fixture_no_physics_claim,e5f8136c3ef7f5c05b19f06194bb4793c6a60975d041e3f9408dfe6b70961486,10314193078439912693,R1,terminal_reprojection,2147483649,2,3,2,10,0,0,1.6707960526218812e-07,-0.014875155873596668,-0.011082177050411701,1,2,0,0,0,unavailable
diagnostic_only,r207_synthetic_fixture_no_physics_claim,e5f8136c3ef7f5c05b19f06194bb4793c6a60975d041e3f9408dfe6b70961486,10314193078439912693,R1,terminal_reprojection,2147483649,2,3,2,26,1,0,3.5516052321327152e-08,0.0023222218733280897,0.001144972862675786,1,2,0,0,0,unavailable
diagnostic_only,r207_synthetic_fixture_no_physics_claim,e5f8136c3ef7f5c05b19f06194bb4793c6a60975d041e3f9408dfe6b70961486,10314193078439912693,R1,terminal_reprojection,2147483649,2,3,2,42,2,0,2.1590572885088477e-08,-0.00563775934278965,-0.0027797012589871883,1,2,0,0,0,unavailable
diagnostic_only,r207_synthetic_fixture_no_physics_claim,e5f8136c3ef7f5c05b19f06194bb4793c6a60975d041e3f9408dfe6b70961486,10314193078439912693,R1,terminal_reprojection,2147483649,2,3,2,58,3,0,-9.3210701379575767e-08,0.0098691610619425774,0.0048659960739314556,1,2,0,0,0,unavailable
diagnostic_only,r207_synthetic_fixture_no_physics_claim,e5f8136c3ef7f5c05b19f06194bb4793c6a60975d041e3f9408dfe6b70961486,10314193078439912693,R1,terminal_reprojection,2147483649,2,3,2,74,4,0,-1.7942927144076748e-08,0.0061757802031934261,0.0046197180636227131,1,2,0,0,0,unavailable
diagnostic_only,r207_synthetic_fixture_no_physics_claim,e5f8136c3ef7f5c05b19f06194bb4793c6a60975d041e3f9408dfe6b70961486,10314193078439912693,R2,bootstrap,4294967295,0,0,0,12,0,0,2.9619634744904033e-08,-2.0245678911123832e-08,-1.3155766254158152e-08,unavailable,unavailable,unavailable,unavailable,unavailable,unavailable
diagnostic_only,r207_synthetic_fixture_no_physics_claim,e5f8136c3ef7f5c05b19f06194bb4793c6a60975d041e3f9408dfe6b70961486,10314193078439912693,R2,bootstrap,4294967295,0,0,1,10,0,0,5.3149740608660068e-08,-1.0207652501037501e-08,-3.6576324191628373e-09,unavailable,unavailable,unavailable,unavailable,unavailable,unavailable
diagnostic_only,r207_synthetic_fixture_no_physics_claim,e5f8136c3ef7f5c05b19f06194bb4793c6a60975d041e3f9408dfe6b70961486,10314193078439912693,R2,bootstrap,4294967295,0,0,0,13,0,1,-8.0876098706994526e-08,-6.9420032389189146e-08,-2.9503766540983634e-08,unavailable,unavailable,unavailable,unavailable,unavailable,unavailable
diagnostic_only,r207_synthetic_fixture_no_physics_claim,e5f8136c3ef7f5c05b19f06194bb4793c6a60975d041e3f9408dfe6b70961486,10314193078439912693,R2,bootstrap,4294967295,0,0,1,14,0,1,-8.2222555874977843e-08,-3.771302559130163e-08,-1.3592170944320969e-08,unavailable,unavailable,unavailable,unavailable,unavailable,unavailable
diagnostic_only,r207_synthetic_fixture_no_physics_claim,e5f8136c3ef7f5c05b19f06194bb4793c6a60975d041e3f9408dfe6b70961486,10314193078439912693,R2,bootstrap,4294967295,0,0,0,32,1,0,-1.0480549761382463e-08,-2.7533142432645263e-09,-1.784008496485967e-09,unavailable,unavailable,unavailable,unavailable,unavailable,unavailable
diagnostic_only,r207_synthetic_fixture_no_physics_claim,e5f8136c3ef7f5c05b19f06194bb4793c6a60975d041e3f9408dfe6b70961486,10314193078439912693,R2,bootstrap,4294967295,0,0,1,30,1,0,-8.3252702509639676e-09,-5.3466621352527e-08,-1.9394025940755455e-08,unavailable,unavailable,unavailable,unavailable,unavailable,unavailable
diagnostic_only,r207_synthetic_fixture_no_physics_claim,e5f8136c3ef7f5c05b19f06194bb4793c6a60975d041e3f9408dfe6b70961486,10314193078439912693,R2,bootstrap,4294967295,0,0,0,33,1,1,-1.8031872883739197e-08,2.3398564863441607e-08,1.0067063627161588e-08,unavailable,unavailable,unavailable,unavailable,unavailable,unavailable
diagnostic_only,r207_synthetic_fixture_no_physics_claim,e5f8136c3ef7f5c05b19f06194bb4793c6a60975d041e3f9408dfe6b70961486,10314193078439912693,R2,bootstrap,4294967295,0,0,1,34,1,1,-1.0073492262563377e-08,6.3740337452600215e-08,2.3076228927720877e-08,unavailable,unavailable,unavailable,unavailable,unavailable,unavailable
diagnostic_only,r207_synthetic_fixture_no_physics_claim,e5f8136c3ef7f5c05b19f06194bb4793c6a60975d041e3f9408dfe6b70961486,10314193078439912693,R2,bootstrap,4294967295,0,0,0,52,2,0,1.4570172623962208e-08,-3.6752009435758737e-08,-2.3881668198555417e-08,unavailable,unavailable,unavailable,unavailable,unavailable,unavailable
diagnostic_only,r207_synthetic_fixture_no_physics_claim,e5f8136c3ef7f5c05b19f06194bb4793c6a60975d041e3f9408dfe6b70961486,10314193078439912693,R2,bootstrap,4294967295,0,0,1,50,2,0,4.3795033377591608e-08,-4.1334704548035006e-08,-1.4811153192795246e-08,unavailable,unavailable,unavailable,unavailable,unavailable,unavailable
diagnostic_only,r207_synthetic_fixture_no_physics_claim,e5f8136c3ef7f5c05b19f06194bb4793c6a60975d041e3f9408dfe6b70961486,10314193078439912693,R2,bootstrap,4294967295,0,0,0,53,2,1,-1.0370349912136589e-07,-9.2798750017664133e-08,-3.9439747467895359e-08,unavailable,unavailable,unavailable,unavailable,unavailable,unavailable
diagnostic_only,r207_synthetic_fixture_no_physics_claim,e5f8136c3ef7f5c05b19f06194bb4793c6a60975d041e3f9408dfe6b70961486,10314193078439912693,R2,bootstrap,4294967295,0,0,1,54,2,1,-9.4971909447849612e-08,-1.2672644267297528e-08,-4.5673544946112088e-09,unavailable,unavailable,unavailable,unavailable,unavailable,unavailable
diagnostic_only,r207_synthetic_fixture_no_physics_claim,e5f8136c3ef7f5c05b19f06194bb4793c6a60975d041e3f9408dfe6b70961486,10314193078439912693,R2,bootstrap,4294967295,0,0,0,72,3,0,-7.1374874899277074e-09,1.1747504302661582e-08,7.6117938618835979e-09,unavailable,unavailable,unavailable,unavailable,unavailable,unavailable
diagnostic_only,r207_synthetic_fixture_no_physics_claim,e5f8136c3ef7f5c05b19f06194bb4793c6a60975d041e3f9408dfe6b70961486,10314193078439912693,R2,bootstrap,4294967295,0,0,1,70,3,0,-9.4559791108395075e-09,6.4131939758738099e-09,2.3262671788870648e-09,unavailable,unavailable,unavailable,unavailable,unavailable,unavailable
diagnostic_only,r207_synthetic_fixture_no_physics_claim,e5f8136c3ef7f5c05b19f06194bb4793c6a60975d041e3f9408dfe6b70961486,10314193078439912693,R2,bootstrap,4294967295,0,0,0,73,3,1,-4.8029584753805921e-09,6.5491034817455329e-09,2.8177091770942297e-09,unavailable,unavailable,unavailable,unavailable,unavailable,unavailable
diagnostic_only,r207_synthetic_fixture_no_physics_claim,e5f8136c3ef7f5c05b19f06194bb4793c6a60975d041e3f9408dfe6b70961486,10314193078439912693,R2,bootstrap,4294967295,0,0,1,74,3,1,-6.3013849693760449e-10,1.477610300781862e-08,5.3494644269846958e-09,unavailable,unavailable,unavailable,unavailable,unavailable,unavailable
diagnostic_only,r207_synthetic_fixture_no_physics_claim,e5f8136c3ef7f5c05b19f06194bb4793c6a60975d041e3f9408dfe6b70961486,10314193078439912693,R2,bootstrap,4294967295,0,0,2,10,0,0,1.3578809898717736e-07,2.5772768807996727e-08,1.9201046086436691e-08,unavailable,unavailable,unavailable,unavailable,unavailable,unavailable
diagnostic_only,r207_synthetic_fixture_no_physics_claim,e5f8136c3ef7f5c05b19f06194bb4793c6a60975d041e3f9408dfe6b70961486,10314193078439912693,R2,bootstrap,4294967295,0,0,2,26,1,0,2.4116438623877912e-08,1.0245247494822252e-07,5.051429496916171e-08,unavailable,unavailable,unavailable,unavailable,unavailable,unavailable
diagnostic_only,r207_synthetic_fixture_no_physics_claim,e5f8136c3ef7f5c05b19f06194bb4793c6a60975d041e3f9408dfe6b70961486,10314193078439912693,R2,bootstrap,4294967295,0,0,2,42,2,0,2.3863082176944772e-08,-4.0906343201640993e-08,-2.0168902992168114e-08,unavailable,unavailable,unavailable,unavailable,unavailable,unavailable
diagnostic_only,r207_synthetic_fixture_no_physics_claim,e5f8136c3ef7f5c05b19f06194bb4793c6a60975d041e3f9408dfe6b70961486,10314193078439912693,R2,bootstrap,4294967295,0,0,2,58,3,0,-8.499164039221796e-08,-1.3521727737497713e-08,-6.6669016973719408e-09,unavailable,unavailable,unavailable,unavailable,unavailable,unavailable
diagnostic_only,r207_synthetic_fixture_no_physics_claim,e5f8136c3ef7f5c05b19f06194bb4793c6a60975d041e3f9408dfe6b70961486,10314193078439912693,R2,bootstrap,4294967295,0,0,2,74,4,0,-7.6877713084400057e-09,-1.6686229287188326e-08,-1.2481939037911616e-08,unavailable,unavailable,unavailable,unavailable,unavailable,unavailable
diagnostic_only,r207_synthetic_fixture_no_physics_claim,e5f8136c3ef7f5c05b19f06194bb4793c6a60975d041e3f9408dfe6b70961486,10314193078439912693,R2,picard,0,1,1,0,12,0,0,2.9619634744904033e-08,-0.0039694830775260925,-0.0025793944951146841,unavailable,0,0,-0.0039694628318471814,-0.0025793813393484299,unavailable
diagnostic_only,r207_synthetic_fixture_no_physics_claim,e5f8136c3ef7f5c05b19f06194bb4793c6a60975d041e3f9408dfe6b70961486,10314193078439912693,R2,picard,0,1,1,1,10,0,0,5.3149740608660068e-08,-0.0098073314875364304,-0.0035141883417963982,unavailable,0,0,-0.0098073212798839293,-0.003514184684163979,unavailable
diagnostic_only,r207_synthetic_fixture_no_physics_claim,e5f8136c3ef7f5c05b19f06194bb4793c6a60975d041e3f9408dfe6b70961486,10314193078439912693,R2,picard,0,1,1,0,13,0,1,-8.0876098706994526e-08,0.0071270754560828209,0.003029033076018095,unavailable,0,0,0.0071271448761152101,0.003029062579784636,unavailable
diagnostic_only,r207_synthetic_fixture_no_physics_claim,e5f8136c3ef7f5c05b19f06194bb4793c6a60975d041e3f9408dfe6b70961486,10314193078439912693,R2,picard,0,1,1,1,14,0,1,-8.2222555874977843e-08,0.014044607058167458,0.0050618238747119904,unavailable,0,0,0.014044644771193049,0.0050618374668829347,unavailable
diagnostic_only,r207_synthetic_fixture_no_physics_claim,e5f8136c3ef7f5c05b19f06194bb4793c6a60975d041e3f9408dfe6b70961486,10314193078439912693,R2,picard,0,1,1,0,32,1,0,-1.0480549761382463e-08,0.00024466103059239686,0.00015852798242121935,unavailable,0,0,0.00024466378390664012,0.00015852976642971583,unavailable
diagnostic_only,r207_synthetic_fixture_no_physics_claim,e5f8136c3ef7f5c05b19f06194bb4793c6a60975d041e3f9408dfe6b70961486,10314193078439912693,R2,picard,0,1,1,1,30,1,0,-8.3252702509639676e-09,-0.0027536647394299507,-0.00099884078372269869,unavailable,0,0,-0.0027536112728085982,-0.00099882138969675793,unavailable
diagnostic_only,r207_synthetic_fixture_no_physics_claim,e5f8136c3ef7f5c05b19f06194bb4793c6a60975d041e3f9408dfe6b70961486,10314193078439912693,R2,picard,0,1,1,0,33,1,1,-1.8031872883739197e-08,0.0067188544198870659,0.0028907386586070061,unavailable,0,0,0.0067188310213222024,0.0028907285915433789,unavailable
diagnostic_only,r207_synthetic_fixture_no_physics_claim,e5f8136c3ef7f5c05b19f06194bb4793c6a60975d041e3f9408dfe6b70961486,10314193078439912693,R2,picard,0,1,1,1,34,1,1,-1.0073492262563377e-08,0.010073550045490265,0.0036469770129770041,unavailable,0,0,0.010073486305152812,0.0036469539367480763,unavailable
diagnostic_only,r207_synthetic_fixture_no_physics_claim,e5f8136c3ef7f5c05b19f06194bb4793c6a60975d041e3f9408dfe6b70961486,10314193078439912693,R2,picard,0,1,1,0,52,2,0,1.4570172623962208e-08,-0.003385503776371479,-0.0021999198943376541,unavailable,0,0,-0.0033854670243620433,-0.0021998960126694556,unavailable
diagnostic_only,r207_synthetic_fixture_no_physics_claim,e5f8136c3ef7f5c05b19f06194bb4793c6a60975d041e3f9408dfe6b70961486,10314193078439912693,R2,picard,0,1,1,1,50,2,0,4.3795033377591608e-08,-0.0094718197360634804,-0.0033939657732844353,unavailable,0,0,-0.0094717784013589323,-0.0033939509621312425,unavailable
diagnostic_only,r207_synthetic_fixture_no_physics_claim,e5f8136c3ef7f5c05b19f06194bb4793c6a60975d041e3f9408dfe6b70961486,10314193078439912693,R2,picard,0,1,1,0,53,2,1,-1.0370349912136589e-07,0.0090965339913964272,0.0038660543505102396,unavailable,0,0,0.0090966267901464448,0.0038660937902577075,unavailable
diagnostic_only,r207_synthetic_fixture_no_physics_claim,e5f8136c3ef7f5c05b19f06194bb4793c6a60975d041e3f9408dfe6b70961486,10314193078439912693,R2,picard,0,1,1,1,54,2,1,-9.4971909447849612e-08,0.017515614628791809,0.0063128122128546238,unavailable,0,0,0.017515627301436076,0.0063128167802091184,unavailable
diagnostic_only,r207_synthetic_fixture_no_physics_claim,e5f8136c3ef7f5c05b19f06194bb4793c6a60975d041e3f9408dfe6b70961486,10314193078439912693,R2,picard,0,1,1,0,72,3,0,-7.1374874899277074e-09,0.00045263304491527379,0.00029328351956792176,unavailable,0,0,0.00045262129741097112,0.00029327590777405987,unavailable
diagnostic_only,r207_synthetic_fixture_no_physics_claim,e5f8136c3ef7f5c05b19f06194bb4793c6a60975d041e3f9408dfe6b70961486,10314193078439912693,R2,picard,0,1,1,1,70,3,0,-9.4559791108395075e-09,-0.00010905526869464666,-3.9557777199661359e-05,unavailable,0,0,-0.00010906168188862253,-3.9560103466840246e-05,unavailable
diagnostic_only,r207_synthetic_fixture_no_physics_claim,e5f8136c3ef7f5c05b19f06194bb4793c6a60975d041e3f9408dfe6b70961486,10314193078439912693,R2,picard,0,1,1,0,73,3,1,-4.8029584753805921e-09,0.0066968216560781002,0.0028812638483941555,unavailable,0,0,0.0066968151069746185,0.0028812610306849784,unavailable
diagnostic_only,r207_synthetic_fixture_no_physics_claim,e5f8136c3ef7f5c05b19f06194bb4793c6a60975d041e3f9408dfe6b70961486,10314193078439912693,R2,picard,0,1,1,1,74,3,1,-6.3013849693760449e-10,0.006433841772377491,0.0023292750120162964,unavailable,0,0,0.0064338269962744832,0.0023292696625518694,unavailable
diagnostic_only,r207_synthetic_fixture_no_physics_claim,e5f8136c3ef7f5c05b19f06194bb4793c6a60975d041e3f9408dfe6b70961486,10314193078439912693,R2,picard,0,1,1,2,10,0,0,1.3578809898717736e-07,-0.018384061753749847,-0.013696364127099514,unavailable,0,0,-0.018384087526518655,-0.0136963833281456,unavailable
diagnostic_only,r207_synthetic_fixture_no_physics_claim,e5f8136c3ef7f5c05b19f06194bb4793c6a60975d041e3f9408dfe6b70961486,10314193078439912693,R2,picard,0,1,1,2,26,1,0,2.4116438623877912e-08,0.0020415710750967264,0.0010065987007692456,unavailable,0,0,0.0020414686226217782,0.0010065481864742765,unavailable
diagnostic_only,r207_synthetic_fixture_no_physics_claim,e5f8136c3ef7f5c05b19f06194bb4793c6a60975d041e3f9408dfe6b70961486,10314193078439912693,R2,picard,0,1,1,2,42,2,0,2.3863082176944772e-08,-0.0055145644582808018,-0.0027189601678401232,unavailable,0,0,-0.0055145235519376001,-0.002718939998937131,unavailable
diagnostic_only,r207_synthetic_fixture_no_physics_claim,e5f8136c3ef7f5c05b19f06194bb4793c6a60975d041e3f9408dfe6b70961486,10314193078439912693,R2,picard,0,1,1,2,58,3,0,-8.499164039221796e-08,0.010342772118747234,0.0050995144993066788,unavailable,0,0,0.010342785640474972,0.0050995211662083761,unavailable
diagnostic_only,r207_synthetic_fixture_no_physics_claim,e5f8136c3ef7f5c05b19f06194bb4793c6a60975d041e3f9408dfe6b70961486,10314193078439912693,R2,picard,0,1,1,2,74,4,0,-7.6877713084400057e-09,0.009253685362637043,0.0069221118465065956,unavailable,0,0,0.0092537020488663302,0.0069221243284456335,unavailable
diagnostic_only,r207_synthetic_fixture_no_physics_claim,e5f8136c3ef7f5c05b19f06194bb4793c6a60975d041e3f9408dfe6b70961486,10314193078439912693,R2,picard,1,2,2,0,12,0,0,2.9619634744904033e-08,-0.0041391979902982712,-0.002689676359295845,unavailable,1,0,-0.00016971491277217865,-0.00011028186418116093,unavailable
diagnostic_only,r207_synthetic_fixture_no_physics_claim,e5f8136c3ef7f5c05b19f06194bb4793c6a60975d041e3f9408dfe6b70961486,10314193078439912693,R2,picard,1,2,2,1,10,0,0,5.3149740608660068e-08,-0.0091276876628398895,-0.0032706568017601967,unavailable,1,0,0.00067964382469654083,0.00024353154003620148,unavailable
diagnostic_only,r207_synthetic_fixture_no_physics_claim,e5f8136c3ef7f5c05b19f06194bb4793c6a60975d041e3f9408dfe6b70961486,10314193078439912693,R2,picard,1,2,2,0,13,0,1,-8.0876098706994526e-08,0.0066604167222976685,0.0028307014144957066,unavailable,1,0,-0.00046665873378515244,-0.00019833166152238846,unavailable
diagnostic_only,r207_synthetic_fixture_no_physics_claim,e5f8136c3ef7f5c05b19f06194bb4793c6a60975d041e3f9408dfe6b70961486,10314193078439912693,R2,picard,1,2,2,1,14,0,1,-8.2222555874977843e-08,0.014931172132492065,0.0053813513368368149,unavailable,1,0,0.00088656507432460785,0.00031952746212482452,unavailable
diagnostic_only,r207_synthetic_fixture_no_physics_claim,e5f8136c3ef7f5c05b19f06194bb4793c6a60975d041e3f9408dfe6b70961486,10314193078439912693,R2,picard,1,2,2,0,32,1,0,-1.0480549761382463e-08,0.00025848913355730474,0.00016748788766562939,unavailable,1,0,1.3828102964907885e-05,8.959905244410038e-06,unavailable
diagnostic_only,r207_synthetic_fixture_no_physics_claim,e5f8136c3ef7f5c05b19f06194bb4793c6a60975d041e3f9408dfe6b70961486,10314193078439912693,R2,picard,1,2,2,1,30,1,0,-8.3252702509639676e-09,-0.002837807172909379,-0.0010293619707226753,unavailable,1,0,-8.4142433479428291e-05,-3.0521186999976635e-05,unavailable
diagnostic_only,r207_synthetic_fixture_no_physics_claim,e5f8136c3ef7f5c05b19f06194bb4793c6a60975d041e3f9408dfe6b70961486,10314193078439912693,R2,picard,1,2,2,0,33,1,1,-1.8031872883739197e-08,0.0067523517645895481,0.0029051506426185369,unavailable,1,0,3.3497344702482224e-05,1.4411984011530876e-05,unavailable
diagnostic_only,r207_synthetic_fixture_no_physics_claim,e5f8136c3ef7f5c05b19f06194bb4793c6a60975d041e3f9408dfe6b70961486,10314193078439912693,R2,picard,1,2,2,1,34,1,1,-1.0073492262563377e-08,0.010871050879359245,0.0039357002824544907,unavailable,1,0,0.00079750083386898041,0.00028872326947748661,unavailable
diagnostic_only,r207_synthetic_fixture_no_physics_claim,e5f8136c3ef7f5c05b19f06194bb4793c6a60975d041e3f9408dfe6b70961486,10314193078439912693,R2,picard,1,2,2,0,52,2,0,1.4570172623962208e-08,-0.0033810939639806747,-0.0021970544476062059,unavailable,1,0,4.4098123908042908e-06,2.8654467314481735e-06,unavailable
diagnostic_only,r207_synthetic_fixture_no_physics_claim,e5f8136c3ef7f5c05b19f06194bb4793c6a60975d041e3f9408dfe6b70961486,10314193078439912693,R2,picard,1,2,2,1,50,2,0,4.3795033377591608e-08,-0.010041801258921623,-0.0035982029512524605,unavailable,1,0,-0.00056998152285814285,-0.00020423717796802521,unavailable
diagnostic_only,r207_synthetic_fixture_no_physics_claim,e5f8136c3ef7f5c05b19f06194bb4793c6a60975d041e3f9408dfe6b70961486,10314193078439912693,R2,picard,1,2,2,0,53,2,1,-1.0370349912136589e-07,0.0090973498299717903,0.0038664008025079966,unavailable,1,0,8.1583857536315918e-07,3.4645199775695801e-07,unavailable
diagnostic_only,r207_synthetic_fixture_no_physics_claim,e5f8136c3ef7f5c05b19f06194bb4793c6a60975d041e3f9408dfe6b70961486,10314193078439912693,R2,picard,1,2,2,1,54,2,1,-9.4971909447849612e-08,0.018332811072468758,0.0066073383204638958,unavailable,1,0,0.00081719644367694855,0.000294526107609272,unavailable
diagnostic_only,r207_synthetic_fixture_no_physics_claim,e5f8136c3ef7f5c05b19f06194bb4793c6a60975d041e3f9408dfe6b70961486,10314193078439912693,R2,picard,1,2,2,0,72,3,0,-7.1374874899277074e-09,0.00028039913740940392,0.0001816845906432718,unavailable,1,0,-0.00017223390750586987,-0.00011159892892464995,unavailable
diagnostic_only,r207_synthetic_fixture_no_physics_claim,e5f8136c3ef7f5c05b19f06194bb4793c6a60975d041e3f9408dfe6b70961486,10314193078439912693,R2,picard,1,2,2,1,70,3,0,-9.4559791108395075e-09,-0.00079338689101859927,-0.0002877863880712539,unavailable,1,0,-0.00068433162232395262,-0.00024822861087159254,unavailable
diagnostic_only,r207_synthetic_fixture_no_physics_claim,e5f8136c3ef7f5c05b19f06194bb4793c6a60975d041e3f9408dfe6b70961486,10314193078439912693,R2,picard,1,2,2,0,73,3,1,-4.8029584753805921e-09,0.0048717707395553589,0.0020960476249456406,unavailable,1,0,-0.0018250509165227413,-0.00078521622344851494,unavailable
diagnostic_only,r207_synthetic_fixture_no_physics_claim,e5f8136c3ef7f5c05b19f06194bb4793c6a60975d041e3f9408dfe6b70961486,10314193078439912693,R2,picard,1,2,2,1,74,3,1,-6.3013849693760449e-10,0.007214660756289959,0.0026119586545974016,unavailable,1,0,0.00078081898391246796,0.00028268364258110523,unavailable
diagnostic_only,r207_synthetic_fixture_no_physics_claim,e5f8136c3ef7f5c05b19f06194bb4793c6a60975d041e3f9408dfe6b70961486,10314193078439912693,R2,picard,1,2,2,2,10,0,0,1.3578809898717736e-07,-0.019420068711042404,-0.014468202367424965,unavailable,1,0,-0.0010360069572925568,-0.0007718382403254509,unavailable
diagnostic_only,r207_synthetic_fixture_no_physics_claim,e5f8136c3ef7f5c05b19f06194bb4793c6a60975d041e3f9408dfe6b70961486,10314193078439912693,R2,picard,1,2,2,2,26,1,0,2.4116438623877912e-08,0.0020984080620110035,0.0010346221970394254,unavailable,1,0,5.6836986914277077e-05,2.8023496270179749e-05,unavailable
diagnostic_only,r207_synthetic_fixture_no_physics_claim,e5f8136c3ef7f5c05b19f06194bb4793c6a60975d041e3f9408dfe6b70961486,10314193078439912693,R2,picard,1,2,2,2,42,2,0,2.3863082176944772e-08,-0.0055212038569152355,-0.0027222337666898966,unavailable,1,0,-6.6393986344337463e-06,-3.273598849773407e-06,unavailable
diagnostic_only,r207_synthetic_fixture_no_physics_claim,e5f8136c3ef7f5c05b19f06194bb4793c6a60975d041e3f9408dfe6b70961486,10314193078439912693,R2,picard,1,2,2,2,58,3,0,-8.499164039221796e-08,0.01035360898822546,0.0051048574969172478,unavailable,1,0,1.0836869478225708e-05,5.3429976105690002e-06,unavailable
diagnostic_only,r207_synthetic_fixture_no_physics_claim,e5f8136c3ef7f5c05b19f06194bb4793c6a60975d041e3f9408dfe6b70961486,10314193078439912693,R2,picard,1,2,2,2,74,4,0,-7.6877713084400057e-09,0.010205043479800224,0.0076337638311088085,unavailable,1,0,0.0009513581171631813,0.00071165198460221291,unavailable
diagnostic_only,r207_synthetic_fixture_no_physics_claim,e5f8136c3ef7f5c05b19f06194bb4793c6a60975d041e3f9408dfe6b70961486,10314193078439912693,R2,picard,2,3,3,0,12,0,0,2.9619634744904033e-08,-0.0041448655538260937,-0.0026933590415865183,unavailable,2,0,-5.6675635278224945e-06,-3.6826822906732559e-06,unavailable
diagnostic_only,r207_synthetic_fixture_no_physics_claim,e5f8136c3ef7f5c05b19f06194bb4793c6a60975d041e3f9408dfe6b70961486,10314193078439912693,R2,picard,2,3,3,1,10,0,0,5.3149740608660068e-08,-0.0091631459072232246,-0.0032833621371537447,unavailable,2,0,-3.5458244383335114e-05,-1.2705335393548012e-05,unavailable
diagnostic_only,r207_synthetic_fixture_no_physics_claim,e5f8136c3ef7f5c05b19f06194bb4793c6a60975d041e3f9408dfe6b70961486,10314193078439912693,R2,picard,2,3,3,0,13,0,1,-8.0876098706994526e-08,0.0066892765462398529,0.0028429669328033924,unavailable,2,0,2.8859823942184448e-05,1.2265518307685852e-05,unavailable
diagnostic_only,r207_synthetic_fixture_no_physics_claim,e5f8136c3ef7f5c05b19f06194bb4793c6a60975d041e3f9408dfe6b70961486,10314193078439912693,R2,picard,2,3,3,1,14,0,1,-8.2222555874977843e-08,0.014970382675528526,0.0053954832255840302,unavailable,2,0,3.9210543036460876e-05,1.4131888747215271e-05,unavailable
diagnostic_only,r207_synthetic_fixture_no_physics_claim,e5f8136c3ef7f5c05b19f06194bb4793c6a60975d041e3f9408dfe6b70961486,10314193078439912693,R2,picard,2,3,3,0,32,1,0,-1.0480549761382463e-08,0.00026251366944052279,0.00017009559087455273,unavailable,2,0,4.02453588321805e-06,2.6077032089233398e-06,unavailable
diagnostic_only,r207_synthetic_fixture_no_physics_claim,e5f8136c3ef7f5c05b19f06194bb4793c6a60975d041e3f9408dfe6b70961486,10314193078439912693,R2,picard,2,3,3,1,30,1,0,-8.3252702509639676e-09,-0.0028667240403592587,-0.0010398509912192822,unavailable,2,0,-2.8916867449879646e-05,-1.0489020496606827e-05,unavailable
diagnostic_only,r207_synthetic_fixture_no_physics_claim,e5f8136c3ef7f5c05b19f06194bb4793c6a60975d041e3f9408dfe6b70961486,10314193078439912693,R2,picard,2,3,3,0,33,1,1,-1.8031872883739197e-08,0.0067698750644922256,0.0029126899316906929,unavailable,2,0,1.7523299902677536e-05,7.5392890721559525e-06,unavailable
diagnostic_only,r207_synthetic_fixture_no_physics_claim,e5f8136c3ef7f5c05b19f06194bb4793c6a60975d041e3f9408dfe6b70961486,10314193078439912693,R2,picard,2,3,3,1,34,1,1,-1.0073492262563377e-08,0.010893550701439381,0.0039438460953533649,unavailable,2,0,2.2499822080135345e-05,8.1458128988742828e-06,unavailable
diagnostic_only,r207_synthetic_fixture_no_physics_claim,e5f8136c3ef7f5c05b19f06194bb4793c6a60975d041e3f9408dfe6b70961486,10314193078439912693,R2,picard,2,3,3,0,52,2,0,1.4570172623962208e-08,-0.0033755374606698751,-0.0021934437099844217,unavailable,2,0,5.5565033107995987e-06,3.6107376217842102e-06,unavailable
diagnostic_only,r207_synthetic_fixture_no_physics_claim,e5f8136c3ef7f5c05b19f06194bb4793c6a60975d041e3f9408dfe6b70961486,10314193078439912693,R2,picard,2,3,3,1,50,2,0,4.3795033377591608e-08,-0.010062836110591888,-0.0036057403776794672,unavailable,2,0,-2.1034851670265198e-05,-7.5374264270067215e-06,unavailable
diagnostic_only,r207_synthetic_fixture_no_physics_claim,e5f8136c3ef7f5c05b19f06194bb4793c6a60975d041e3f9408dfe6b70961486,10314193078439912693,R2,picard,2,3,3,0,53,2,1,-1.0370349912136589e-07,0.0091096209362149239,0.0038716162089258432,unavailable,2,0,1.2271106243133545e-05,5.2154064178466797e-06,unavailable
diagnostic_only,r207_synthetic_fixture_no_physics_claim,e5f8136c3ef7f5c05b19f06194bb4793c6a60975d041e3f9408dfe6b70961486,10314193078439912693,R2,picard,2,3,3,1,54,2,1,-9.4971909447849612e-08,0.018351159989833832,0.0066139516420662403,unavailable,2,0,1.8348917365074158e-05,6.6133216023445129e-06,unavailable
diagnostic_only,r207_synthetic_fixture_no_physics_claim,e5f8136c3ef7f5c05b19f06194bb4793c6a60975d041e3f9408dfe6b70961486,10314193078439912693,R2,picard,2,3,3,0,72,3,0,-7.1374874899277074e-09,0.00028110522544011474,0.00018214210285805166,unavailable,2,0,7.0608803071081638e-07,4.5751221477985382e-07,unavailable
diagnostic_only,r207_synthetic_fixture_no_physics_claim,e5f8136c3ef7f5c05b19f06194bb4793c6a60975d041e3f9408dfe6b70961486,10314193078439912693,R2,picard,2,3,3,1,70,3,0,-9.4559791108395075e-09,-0.00079844170249998569,-0.00028961992939002812,unavailable,2,0,-5.0548114813864231e-06,-1.8335413187742233e-06,unavailable
diagnostic_only,r207_synthetic_fixture_no_physics_claim,e5f8136c3ef7f5c05b19f06194bb4793c6a60975d041e3f9408dfe6b70961486,10314193078439912693,R2,picard,2,3,3,0,73,3,1,-4.8029584753805921e-09,0.0048765209503471851,0.0020980914123356342,unavailable,2,0,4.7502107918262482e-06,2.0437873899936676e-06,unavailable
diagnostic_only,r207_synthetic_fixture_no_physics_claim,e5f8136c3ef7f5c05b19f06194bb4793c6a60975d041e3f9408dfe6b70961486,10314193078439912693,R2,picard,2,3,3,1,74,3,1,-6.3013849693760449e-10,0.0072173625230789185,0.0026129367761313915,unavailable,2,0,2.7017667889595032e-06,9.7812153398990631e-07,unavailable
diagnostic_only,r207_synthetic_fixture_no_physics_claim,e5f8136c3ef7f5c05b19f06194bb4793c6a60975d041e3f9408dfe6b70961486,10314193078439912693,R2,picard,2,3,3,2,10,0,0,1.3578809898717736e-07,-0.019454378634691238,-0.014493763446807861,unavailable,2,0,-3.4309923648834229e-05,-2.5561079382896423e-05,unavailable
diagnostic_only,r207_synthetic_fixture_no_physics_claim,e5f8136c3ef7f5c05b19f06194bb4793c6a60975d041e3f9408dfe6b70961486,10314193078439912693,R2,picard,2,3,3,2,26,1,0,2.4116438623877912e-08,0.0021079021971672773,0.0010393032571300864,unavailable,2,0,9.4941351562738419e-06,4.6810600906610489e-06,unavailable
diagnostic_only,r207_synthetic_fixture_no_physics_claim,e5f8136c3ef7f5c05b19f06194bb4793c6a60975d041e3f9408dfe6b70961486,10314193078439912693,R2,picard,2,3,3,2,42,2,0,2.3863082176944772e-08,-0.0055183647200465202,-0.0027208339888602495,unavailable,2,0,2.8391368687152863e-06,1.3997778296470642e-06,unavailable
diagnostic_only,r207_synthetic_fixture_no_physics_claim,e5f8136c3ef7f5c05b19f06194bb4793c6a60975d041e3f9408dfe6b70961486,10314193078439912693,R2,picard,2,3,3,2,58,3,0,-8.499164039221796e-08,0.010363227687776089,0.0051095997914671898,unavailable,2,0,9.6186995506286621e-06,4.7422945499420166e-06,unavailable
diagnostic_only,r207_synthetic_fixture_no_physics_claim,e5f8136c3ef7f5c05b19f06194bb4793c6a60975d041e3f9408dfe6b70961486,10314193078439912693,R2,picard,2,3,3,2,74,4,0,-7.6877713084400057e-09,0.010210276581346989,0.0076376781798899174,unavailable,2,0,5.2331015467643738e-06,3.9143487811088562e-06,unavailable
diagnostic_only,r207_synthetic_fixture_no_physics_claim,e5f8136c3ef7f5c05b19f06194bb4793c6a60975d041e3f9408dfe6b70961486,10314193078439912693,R2,picard,3,4,4,0,12,0,0,2.9619634744904033e-08,-0.0041447216644883156,-0.0026932654436677694,unavailable,3,0,1.4388933777809143e-07,9.3597918748855591e-08,unavailable
diagnostic_only,r207_synthetic_fixture_no_physics_claim,e5f8136c3ef7f5c05b19f06194bb4793c6a60975d041e3f9408dfe6b70961486,10314193078439912693,R2,picard,3,4,4,1,10,0,0,5.3149740608660068e-08,-0.009163769893348217,-0.0032835856545716524,unavailable,3,0,-6.2398612499237061e-07,-2.2351741790771484e-07,unavailable
diagnostic_only,r207_synthetic_fixture_no_physics_claim,e5f8136c3ef7f5c05b19f06194bb4793c6a60975d041e3f9408dfe6b70961486,10314193078439912693,R2,picard,3,4,4,0,13,0,1,-8.0876098706994526e-08,0.0066897054202854633,0.0028431492391973734,unavailable,3,0,4.2887404561042786e-07,1.8230639398097992e-07,unavailable
diagnostic_only,r207_synthetic_fixture_no_physics_claim,e5f8136c3ef7f5c05b19f06194bb4793c6a60975d041e3f9408dfe6b70961486,10314193078439912693,R2,picard,3,4,4,1,14,0,1,-8.2222555874977843e-08,0.014971057884395123,0.0053957267664372921,unavailable,3,0,6.7520886659622192e-07,2.4354085326194763e-07,unavailable
diagnostic_only,r207_synthetic_fixture_no_physics_claim,e5f8136c3ef7f5c05b19f06194bb4793c6a60975d041e3f9408dfe6b70961486,10314193078439912693,R2,picard,3,4,4,0,32,1,0,-1.0480549761382463e-08,0.0002628981601446867,0.00017034471966326237,unavailable,3,0,3.8449070416390896e-07,2.491287887096405e-07,unavailable
diagnostic_only,r207_synthetic_fixture_no_physics_claim,e5f8136c3ef7f5c05b19f06194bb4793c6a60975d041e3f9408dfe6b70961486,10314193078439912693,R2,picard,3,4,4,1,30,1,0,-8.3252702509639676e-09,-0.0028672360349446535,-0.0010400366736575961,unavailable,3,0,-5.1199458539485931e-07,-1.8568243831396103e-07,unavailable
diagnostic_only,r207_synthetic_fixture_no_physics_claim,e5f8136c3ef7f5c05b19f06194bb4793c6a60975d041e3f9408dfe6b70961486,10314193078439912693,R2,picard,3,4,4,0,33,1,1,-1.8031872883739197e-08,0.0067702671512961388,0.0029128585010766983,unavailable,3,0,3.9208680391311646e-07,1.6856938600540161e-07,unavailable
diagnostic_only,r207_synthetic_fixture_no_physics_claim,e5f8136c3ef7f5c05b19f06194bb4793c6a60975d041e3f9408dfe6b70961486,10314193078439912693,R2,picard,3,4,4,1,34,1,1,-1.0073492262563377e-08,0.010894134640693665,0.0039440575055778027,unavailable,3,0,5.8393925428390503e-07,2.1141022443771362e-07,unavailable
diagnostic_only,r207_synthetic_fixture_no_physics_claim,e5f8136c3ef7f5c05b19f06194bb4793c6a60975d041e3f9408dfe6b70961486,10314193078439912693,R2,picard,3,4,4,0,52,2,0,1.4570172623962208e-08,-0.0033751479350030422,-0.00219319062307477,unavailable,3,0,3.8952566683292389e-07,2.5308690965175629e-07,unavailable
diagnostic_only,r207_synthetic_fixture_no_physics_claim,e5f8136c3ef7f5c05b19f06194bb4793c6a60975d041e3f9408dfe6b70961486,10314193078439912693,R2,picard,3,4,4,1,50,2,0,4.3795033377591608e-08,-0.010063104331493378,-0.0036058363039046526,unavailable,3,0,-2.6822090148925781e-07,-9.5926225185394287e-08,unavailable
diagnostic_only,r207_synthetic_fixture_no_physics_claim,e5f8136c3ef7f5c05b19f06194bb4793c6a60975d041e3f9408dfe6b70961486,10314193078439912693,R2,picard,3,4,4,0,53,2,1,-1.0370349912136589e-07,0.0091097988188266754,0.0038716918788850307,unavailable,3,0,1.778826117515564e-07,7.5669959187507629e-08,unavailable
diagnostic_only,r207_synthetic_fixture_no_physics_claim,e5f8136c3ef7f5c05b19f06194bb4793c6a60975d041e3f9408dfe6b70961486,10314193078439912693,R2,picard,3,4,4,1,54,2,1,-9.4971909447849612e-08,0.018351437523961067,0.0066140517592430115,unavailable,3,0,2.775341272354126e-07,1.0011717677116394e-07,unavailable
diagnostic_only,r207_synthetic_fixture_no_physics_claim,e5f8136c3ef7f5c05b19f06194bb4793c6a60975d041e3f9408dfe6b70961486,10314193078439912693,R2,picard,3,4,4,0,72,3,0,-7.1374874899277074e-09,0.00028125030803494155,0.00018223610823042691,unavailable,3,0,1.4508259482681751e-07,9.4005372375249863e-08,unavailable
diagnostic_only,r207_synthetic_fixture_no_physics_claim,e5f8136c3ef7f5c05b19f06194bb4793c6a60975d041e3f9408dfe6b70961486,10314193078439912693,R2,picard,3,4,4,1,70,3,0,-9.4559791108395075e-09,-0.00079837511293590069,-0.00028959577321074903,unavailable,3,0,6.6589564085006714e-08,2.4156179279088974e-08,unavailable
diagnostic_only,r207_synthetic_fixture_no_physics_claim,e5f8136c3ef7f5c05b19f06194bb4793c6a60975d041e3f9408dfe6b70961486,10314193078439912693,R2,picard,3,4,4,0,73,3,1,-4.8029584753805921e-09,0.0048764687962830067,0.0020980690605938435,unavailable,3,0,-5.2154064178466797e-08,-2.2351741790771484e-08,unavailable
diagnostic_only,r207_synthetic_fixture_no_physics_claim,e5f8136c3ef7f5c05b19f06194bb4793c6a60975d041e3f9408dfe6b70961486,10314193078439912693,R2,picard,3,4,4,1,74,3,1,-6.3013849693760449e-10,0.0072172954678535461,0.0026129125617444515,unavailable,3,0,-6.7055225372314453e-08,-2.4214386940002441e-08,unavailable
diagnostic_only,r207_synthetic_fixture_no_physics_claim,e5f8136c3ef7f5c05b19f06194bb4793c6a60975d041e3f9408dfe6b70961486,10314193078439912693,R2,picard,3,4,4,2,10,0,0,1.3578809898717736e-07,-0.019454941153526306,-0.014494183473289013,unavailable,3,0,-5.6251883506774902e-07,-4.2002648115158081e-07,unavailable
diagnostic_only,r207_synthetic_fixture_no_physics_claim,e5f8136c3ef7f5c05b19f06194bb4793c6a60975d041e3f9408dfe6b70961486,10314193078439912693,R2,picard,3,4,4,2,26,1,0,2.4116438623877912e-08,0.0021079541184008121,0.0010393288685008883,unavailable,3,0,5.1921233534812927e-08,2.5611370801925659e-08,unavailable
diagnostic_only,r207_synthetic_fixture_no_physics_claim,e5f8136c3ef7f5c05b19f06194bb4793c6a60975d041e3f9408dfe6b70961486,10314193078439912693,R2,picard,3,4,4,2,42,2,0,2.3863082176944772e-08,-0.0055181807838380337,-0.0027207431849092245,unavailable,3,0,1.8393620848655701e-07,9.0803951025009155e-08,unavailable
diagnostic_only,r207_synthetic_fixture_no_physics_claim,e5f8136c3ef7f5c05b19f06194bb4793c6a60975d041e3f9408dfe6b70961486,10314193078439912693,R2,picard,3,4,4,2,58,3,0,-8.499164039221796e-08,0.010363446548581123,0.0051097078248858452,unavailable,3,0,2.1886080503463745e-07,1.0803341865539551e-07,unavailable
diagnostic_only,r207_synthetic_fixture_no_physics_claim,e5f8136c3ef7f5c05b19f06194bb4793c6a60975d041e3f9408dfe6b70961486,10314193078439912693,R2,picard,3,4,4,2,74,4,0,-7.6877713084400057e-09,0.010210237465798855,0.0076376493088901043,unavailable,3,0,-3.9115548133850098e-08,-2.8870999813079834e-08,unavailable
diagnostic_only,r207_synthetic_fixture_no_physics_claim,e5f8136c3ef7f5c05b19f06194bb4793c6a60975d041e3f9408dfe6b70961486,10314193078439912693,R2,terminal_reprojection,2147483651,4,5,0,12,0,0,2.9619634744904033e-08,-0.0041447128169238567,-0.0026932598557323217,unavailable,4,0,8.8475644588470459e-09,5.5879354476928711e-09,unavailable
diagnostic_only,r207_synthetic_fixture_no_physics_claim,e5f8136c3ef7f5c05b19f06194bb4793c6a60975d041e3f9408dfe6b70961486,10314193078439912693,R2,terminal_reprojection,2147483651,4,5,1,10,0,0,5.3149740608660068e-08,-0.0091637810692191124,-0.0032835898455232382,unavailable,4,0,-1.1175870895385742e-08,-4.1909515857696533e-09,unavailable
diagnostic_only,r207_synthetic_fixture_no_physics_claim,e5f8136c3ef7f5c05b19f06194bb4793c6a60975d041e3f9408dfe6b70961486,10314193078439912693,R2,terminal_reprojection,2147483651,4,5,0,13,0,1,-8.0876098706994526e-08,0.0066897133365273476,0.0028431524988263845,unavailable,4,0,7.9162418842315674e-09,3.2596290111541748e-09,unavailable
diagnostic_only,r207_synthetic_fixture_no_physics_claim,e5f8136c3ef7f5c05b19f06194bb4793c6a60975d041e3f9408dfe6b70961486,10314193078439912693,R2,terminal_reprojection,2147483651,4,5,1,14,0,1,-8.2222555874977843e-08,0.014971069060266018,0.0053957304917275906,unavailable,4,0,1.1175870895385742e-08,3.7252902984619141e-09,unavailable
diagnostic_only,r207_synthetic_fixture_no_physics_claim,e5f8136c3ef7f5c05b19f06194bb4793c6a60975d041e3f9408dfe6b70961486,10314193078439912693,R2,terminal_reprojection,2147483651,4,5,0,32,1,0,-1.0480549761382463e-08,0.0002629161172080785,0.00017035636119544506,unavailable,4,0,1.7957063391804695e-08,1.1641532182693481e-08,unavailable
diagnostic_only,r207_synthetic_fixture_no_physics_claim,e5f8136c3ef7f5c05b19f06194bb4793c6a60975d041e3f9408dfe6b70961486,10314193078439912693,R2,terminal_reprojection,2147483651,4,5,1,30,1,0,-8.3252702509639676e-09,-0.0028672488406300545,-0.0010400413302704692,unavailable,4,0,-1.280568540096283e-08,-4.6566128730773926e-09,unavailable
diagnostic_only,r207_synthetic_fixture_no_physics_claim,e5f8136c3ef7f5c05b19f06194bb4793c6a60975d041e3f9408dfe6b70961486,10314193078439912693,R2,terminal_reprojection,2147483651,4,5,0,33,1,1,-1.8031872883739197e-08,0.0067702755331993103,0.0029128622263669968,unavailable,4,0,8.3819031715393066e-09,3.7252902984619141e-09,unavailable
diagnostic_only,r207_synthetic_fixture_no_physics_claim,e5f8136c3ef7f5c05b19f06194bb4793c6a60975d041e3f9408dfe6b70961486,10314193078439912693,R2,terminal_reprojection,2147483651,4,5,1,34,1,1,-1.0073492262563377e-08,0.010894146747887135,0.0039440616965293884,unavailable,4,0,1.2107193470001221e-08,4.1909515857696533e-09,unavailable
diagnostic_only,r207_synthetic_fixture_no_physics_claim,e5f8136c3ef7f5c05b19f06194bb4793c6a60975d041e3f9408dfe6b70961486,10314193078439912693,R2,terminal_reprojection,2147483651,4,5,0,52,2,0,1.4570172623962208e-08,-0.0033751307055354118,-0.0021931794472038746,unavailable,4,0,1.7229467630386353e-08,1.1175870895385742e-08,unavailable
diagnostic_only,r207_synthetic_fixture_no_physics_claim,e5f8136c3ef7f5c05b19f06194bb4793c6a60975d041e3f9408dfe6b70961486,10314193078439912693,R2,terminal_reprojection,2147483651,4,5,1,50,2,0,4.3795033377591608e-08,-0.010063107125461102,-0.0036058374680578709,unavailable,4,0,-2.7939677238464355e-09,-1.1641532182693481e-09,unavailable
diagnostic_only,r207_synthetic_fixture_no_physics_claim,e5f8136c3ef7f5c05b19f06194bb4793c6a60975d041e3f9408dfe6b70961486,10314193078439912693,R2,terminal_reprojection,2147483651,4,5,0,53,2,1,-1.0370349912136589e-07,0.0091097988188266754,0.0038716918788850307,unavailable,4,0,0,0,unavailable
diagnostic_only,r207_synthetic_fixture_no_physics_claim,e5f8136c3ef7f5c05b19f06194bb4793c6a60975d041e3f9408dfe6b70961486,10314193078439912693,R2,terminal_reprojection,2147483651,4,5,1,54,2,1,-9.4971909447849612e-08,0.018351441249251366,0.0066140526905655861,unavailable,4,0,3.7252902984619141e-09,9.3132257461547852e-10,unavailable
diagnostic_only,r207_synthetic_fixture_no_physics_claim,e5f8136c3ef7f5c05b19f06194bb4793c6a60975d041e3f9408dfe6b70961486,10314193078439912693,R2,terminal_reprojection,2147483651,4,5,0,72,3,0,-7.1374874899277074e-09,0.0002812552556861192,0.00018223930965177715,unavailable,4,0,4.9476511776447296e-09,3.2014213502407074e-09,unavailable
diagnostic_only,r207_synthetic_fixture_no_physics_claim,e5f8136c3ef7f5c05b19f06194bb4793c6a60975d041e3f9408dfe6b70961486,10314193078439912693,R2,terminal_reprojection,2147483651,4,5,1,70,3,0,-9.4559791108395075e-09,-0.00079837272642180324,-0.00028959490009583533,unavailable,4,0,2.3865140974521637e-09,8.7311491370201111e-10,unavailable
diagnostic_only,r207_synthetic_fixture_no_physics_claim,e5f8136c3ef7f5c05b19f06194bb4793c6a60975d041e3f9408dfe6b70961486,10314193078439912693,R2,terminal_reprojection,2147483651,4,5,0,73,3,1,-4.8029584753805921e-09,0.0048764669336378574,0.0020980681292712688,unavailable,4,0,-1.862645149230957e-09,-9.3132257461547852e-10,unavailable
diagnostic_only,r207_synthetic_fixture_no_physics_claim,e5f8136c3ef7f5c05b19f06194bb4793c6a60975d041e3f9408dfe6b70961486,10314193078439912693,R2,terminal_reprojection,2147483651,4,5,1,74,3,1,-6.3013849693760449e-10,0.0072172936052083969,0.0026129118632525206,unavailable,4,0,-1.862645149230957e-09,-6.9849193096160889e-10,unavailable
diagnostic_only,r207_synthetic_fixture_no_physics_claim,e5f8136c3ef7f5c05b19f06194bb4793c6a60975d041e3f9408dfe6b70961486,10314193078439912693,R2,terminal_reprojection,2147483651,4,5,2,10,0,0,1.3578809898717736e-07,-0.019454952329397202,-0.01449419092386961,unavailable,4,0,-1.1175870895385742e-08,-7.4505805969238281e-09,unavailable
diagnostic_only,r207_synthetic_fixture_no_physics_claim,e5f8136c3ef7f5c05b19f06194bb4793c6a60975d041e3f9408dfe6b70961486,10314193078439912693,R2,terminal_reprojection,2147483651,4,5,2,26,1,0,2.4116438623877912e-08,0.0021079529542475939,0.0010393282864242792,unavailable,4,0,-1.1641532182693481e-09,-5.8207660913467407e-10,unavailable
diagnostic_only,r207_synthetic_fixture_no_physics_claim,e5f8136c3ef7f5c05b19f06194bb4793c6a60975d041e3f9408dfe6b70961486,10314193078439912693,R2,terminal_reprojection,2147483651,4,5,2,42,2,0,2.3863082176944772e-08,-0.0055181737989187241,-0.0027207396924495697,unavailable,4,0,6.9849193096160889e-09,3.4924596548080444e-09,unavailable
diagnostic_only,r207_synthetic_fixture_no_physics_claim,e5f8136c3ef7f5c05b19f06194bb4793c6a60975d041e3f9408dfe6b70961486,10314193078439912693,R2,terminal_reprojection,2147483651,4,5,2,58,3,0,-8.499164039221796e-08,0.010363450273871422,0.0051097096875309944,unavailable,4,0,3.7252902984619141e-09,1.862645149230957e-09,unavailable
diagnostic_only,r207_synthetic_fixture_no_physics_claim,e5f8136c3ef7f5c05b19f06194bb4793c6a60975d041e3f9408dfe6b70961486,10314193078439912693,R2,terminal_reprojection,2147483651,4,5,2,74,4,0,-7.6877713084400057e-09,0.010210234671831131,0.0076376474462449551,unavailable,4,0,-2.7939677238464355e-09,-1.862645149230957e-09,unavailable
