control,salt,before_commit,before_mean,before_hash,after_commit,after_mean,after_hash
all,101,b2a4460b9,0.60680068157235745,8c680bff2a6e2f10,8dcf20d69,0.66561783709482614,815d3b4b5928cdac
all,202,b2a4460b9,0.60578872988385069,274bd3704f9bb866,8dcf20d69,0.66813790458877043,d6e2ee1ea55046c4
all,303,b2a4460b9,0.60477615138510943,aac64c1d4c6caa23,8dcf20d69,0.67004856005827795,1f587667b6d45ea3
all,404,b2a4460b9,0.60666242606663801,7edca0f9fa446aad,8dcf20d69,0.66456378551985729,c3c460e9416b695b
7,101,b2a4460b9,0.60097418689358051,6e30f28988f5ba27,8dcf20d69,0.66054702087294648,fc418898c48dcf65
7,202,b2a4460b9,0.60116542173732501,8d876c2067fde92a,8dcf20d69,0.66151807585264455,2d3dda218362ca00
7,303,b2a4460b9,0.60110764861603239,528a9bbd61686619,8dcf20d69,0.66023494158256146,65472c0888ca38b6
7,404,b2a4460b9,0.60191706336070427,89aebe130c1ee56d,8dcf20d69,0.66109625352722534,343904df881bf519
8,101,b2a4460b9,0.59633296800982016,16221bf0dd8675a7,8dcf20d69,0.656431765021118,36aaa432d2b2b1fb
8,202,b2a4460b9,0.59642872185917217,80756cd5de7b19d6,8dcf20d69,0.65739721927737549,1fb2f17165039cdb
8,303,b2a4460b9,0.59587907210908031,5c113df3c53b4bbb,8dcf20d69,0.65642774512142166,a8fe3c0c6d5302ce
8,404,b2a4460b9,0.596516031792788,5fbe99a3c43b73b0,8dcf20d69,0.65625764524815644,bb9f2755d3d65f2b
9,101,b2a4460b9,0.59672460814418504,8e165547bb987216,8dcf20d69,0.65523872816834405,543cf1d401ac7216
9,202,b2a4460b9,0.59561150664987195,b04a5b8012d7568a,8dcf20d69,0.65614840408331987,7b8752e05bad1350
9,303,b2a4460b9,0.59585541373497508,5f1769d318a8388e,8dcf20d69,0.65522430720439806,7c874f062ca7d00e
9,404,b2a4460b9,0.59593910784592097,5539a1d673916d54,8dcf20d69,0.65442641389184519,7080306fb966bd9d
